"名前","グループ名","カテゴリID","カテゴリ名","カテゴリパス"
"ウエスト","水着女性","2111","水着・ビーチグッズ","レディースファッション"
"ヒップ","水着女性","2111","水着・ビーチグッズ","レディースファッション"
"総丈","水着女性","2111","水着・ビーチグッズ","レディースファッション"
"トップ","水着女性","2111","水着・ビーチグッズ","レディースファッション"
"アンダー","水着女性","2111","水着・ビーチグッズ","レディースファッション"
"ウエスト","水着男性","2210","水着・ビーチグッズ","メンズファッション"
"ヒップ","水着男性","2210","水着・ビーチグッズ","メンズファッション"
"股下","水着男性","2210","水着・ビーチグッズ","メンズファッション"
"もも周り","水着男性","2210","水着・ビーチグッズ","メンズファッション"
"すそ周り","水着男性","2210","水着・ビーチグッズ","メンズファッション"
"着丈","トップス袖あり","3001","Tシャツ・カットソー","レディースファッション/トップス"
"肩幅","トップス袖あり","3001","Tシャツ・カットソー","レディースファッション/トップス"
"胸囲","トップス袖あり","3001","Tシャツ・カットソー","レディースファッション/トップス"
"袖丈","トップス袖あり","3001","Tシャツ・カットソー","レディースファッション/トップス"
"着丈","トップス袖あり","3003","チュニック","レディースファッション/トップス"
"肩幅","トップス袖あり","3003","チュニック","レディースファッション/トップス"
"胸囲","トップス袖あり","3003","チュニック","レディースファッション/トップス"
"袖丈","トップス袖あり","3003","チュニック","レディースファッション/トップス"
"着丈","トップス袖あり","3004","ニット・セーター","レディースファッション/トップス"
"肩幅","トップス袖あり","3004","ニット・セーター","レディースファッション/トップス"
"胸囲","トップス袖あり","3004","ニット・セーター","レディースファッション/トップス"
"袖丈","トップス袖あり","3004","ニット・セーター","レディースファッション/トップス"
"着丈","トップス袖あり","3005","パーカー・フーディ","レディースファッション/トップス"
"肩幅","トップス袖あり","3005","パーカー・フーディ","レディースファッション/トップス"
"胸囲","トップス袖あり","3005","パーカー・フーディ","レディースファッション/トップス"
"袖丈","トップス袖あり","3005","パーカー・フーディ","レディースファッション/トップス"
"着丈","トップス袖あり","3006","スウェット・トレーナー","レディースファッション/トップス"
"肩幅","トップス袖あり","3006","スウェット・トレーナー","レディースファッション/トップス"
"胸囲","トップス袖あり","3006","スウェット・トレーナー","レディースファッション/トップス"
"袖丈","トップス袖あり","3006","スウェット・トレーナー","レディースファッション/トップス"
"着丈","トップス袖あり","3007","ブラウス・シャツ","レディースファッション/トップス"
"肩幅","トップス袖あり","3007","ブラウス・シャツ","レディースファッション/トップス"
"胸囲","トップス袖あり","3007","ブラウス・シャツ","レディースファッション/トップス"
"袖丈","トップス袖あり","3007","ブラウス・シャツ","レディースファッション/トップス"
"着丈","トップス袖あり","3008","ポロシャツ","レディースファッション/トップス"
"肩幅","トップス袖あり","3008","ポロシャツ","レディースファッション/トップス"
"胸囲","トップス袖あり","3008","ポロシャツ","レディースファッション/トップス"
"袖丈","トップス袖あり","3008","ポロシャツ","レディースファッション/トップス"
"着丈","トップス袖なし","3009","ベスト・ジレ","レディースファッション/トップス"
"胸囲","トップス袖なし","3009","ベスト・ジレ","レディースファッション/トップス"
"着丈","トップス袖あり","3010","トップスその他","レディースファッション/トップス"
"肩幅","トップス袖あり","3010","トップスその他","レディースファッション/トップス"
"胸囲","トップス袖あり","3010","トップスその他","レディースファッション/トップス"
"袖丈","トップス袖あり","3010","トップスその他","レディースファッション/トップス"
"着丈","トップス袖なし","3011","タンクトップ","レディースファッション/トップス"
"胸囲","トップス袖なし","3011","タンクトップ","レディースファッション/トップス"
"ウエスト","ボトムススカート","3020","スカート","レディースファッション/ボトムス"
"ヒップ","ボトムススカート","3020","スカート","レディースファッション/ボトムス"
"スカート丈","ボトムススカート","3020","スカート","レディースファッション/ボトムス"
"ウエスト","ボトムススカート","3021","ミニスカート","レディースファッション/ボトムス"
"ヒップ","ボトムススカート","3021","ミニスカート","レディースファッション/ボトムス"
"スカート丈","ボトムススカート","3021","ミニスカート","レディースファッション/ボトムス"
"ウエスト","ボトムスパンツ","3022","パンツ","レディースファッション/ボトムス"
"ヒップ","ボトムスパンツ","3022","パンツ","レディースファッション/ボトムス"
"股上","ボトムスパンツ","3022","パンツ","レディースファッション/ボトムス"
"股下","ボトムスパンツ","3022","パンツ","レディースファッション/ボトムス"
"もも周り","ボトムスパンツ","3022","パンツ","レディースファッション/ボトムス"
"すそ周り","ボトムスパンツ","3022","パンツ","レディースファッション/ボトムス"
"ウエスト","ボトムスパンツ","3023","ショートパンツ","レディースファッション/ボトムス"
"ヒップ","ボトムスパンツ","3023","ショートパンツ","レディースファッション/ボトムス"
"股上","ボトムスパンツ","3023","ショートパンツ","レディースファッション/ボトムス"
"股下","ボトムスパンツ","3023","ショートパンツ","レディースファッション/ボトムス"
"もも周り","ボトムスパンツ","3023","ショートパンツ","レディースファッション/ボトムス"
"すそ周り","ボトムスパンツ","3023","ショートパンツ","レディースファッション/ボトムス"
"ウエスト","ボトムスパンツ","3024","デニム・ジーパン","レディースファッション/ボトムス"
"ヒップ","ボトムスパンツ","3024","デニム・ジーパン","レディースファッション/ボトムス"
"股上","ボトムスパンツ","3024","デニム・ジーパン","レディースファッション/ボトムス"
"股下","ボトムスパンツ","3024","デニム・ジーパン","レディースファッション/ボトムス"
"もも周り","ボトムスパンツ","3024","デニム・ジーパン","レディースファッション/ボトムス"
"すそ周り","ボトムスパンツ","3024","デニム・ジーパン","レディースファッション/ボトムス"
"ウエスト","ボトムスパンツ","3025","ボトムスその他","レディースファッション/ボトムス"
"ヒップ","ボトムスパンツ","3025","ボトムスその他","レディースファッション/ボトムス"
"股上","ボトムスパンツ","3025","ボトムスその他","レディースファッション/ボトムス"
"股下","ボトムスパンツ","3025","ボトムスその他","レディースファッション/ボトムス"
"もも周り","ボトムスパンツ","3025","ボトムスその他","レディースファッション/ボトムス"
"すそ周り","ボトムスパンツ","3025","ボトムスその他","レディースファッション/ボトムス"
"着丈","ワンピース系","3040","ワンピース","レディースファッション/ワンピース・オールインワン"
"肩幅","ワンピース系","3040","ワンピース","レディースファッション/ワンピース・オールインワン"
"胸囲","ワンピース系","3040","ワンピース","レディースファッション/ワンピース・オールインワン"
"袖丈","ワンピース系","3040","ワンピース","レディースファッション/ワンピース・オールインワン"
"ウエスト","ワンピース系","3040","ワンピース","レディースファッション/ワンピース・オールインワン"
"ヒップ","ワンピース系","3040","ワンピース","レディースファッション/ワンピース・オールインワン"
"着丈","ワンピース系","3041","オールインワン・サロペット","レディースファッション/ワンピース・オールインワン"
"肩幅","ワンピース系","3041","オールインワン・サロペット","レディースファッション/ワンピース・オールインワン"
"胸囲","ワンピース系","3041","オールインワン・サロペット","レディースファッション/ワンピース・オールインワン"
"袖丈","ワンピース系","3041","オールインワン・サロペット","レディースファッション/ワンピース・オールインワン"
"ウエスト","ワンピース系","3041","オールインワン・サロペット","レディースファッション/ワンピース・オールインワン"
"ヒップ","ワンピース系","3041","オールインワン・サロペット","レディースファッション/ワンピース・オールインワン"
"着丈","ワンピース系","3042","ワンピースその他","レディースファッション/ワンピース・オールインワン"
"肩幅","ワンピース系","3042","ワンピースその他","レディースファッション/ワンピース・オールインワン"
"胸囲","ワンピース系","3042","ワンピースその他","レディースファッション/ワンピース・オールインワン"
"袖丈","ワンピース系","3042","ワンピースその他","レディースファッション/ワンピース・オールインワン"
"ウエスト","ワンピース系","3042","ワンピースその他","レディースファッション/ワンピース・オールインワン"
"ヒップ","ワンピース系","3042","ワンピースその他","レディースファッション/ワンピース・オールインワン"
"着丈","トップス袖あり","3060","コート","レディースファッション/アウター"
"肩幅","トップス袖あり","3060","コート","レディースファッション/アウター"
"胸囲","トップス袖あり","3060","コート","レディースファッション/アウター"
"袖丈","トップス袖あり","3060","コート","レディースファッション/アウター"
"着丈","トップス袖あり","3061","ジャケット","レディースファッション/アウター"
"肩幅","トップス袖あり","3061","ジャケット","レディースファッション/アウター"
"胸囲","トップス袖あり","3061","ジャケット","レディースファッション/アウター"
"袖丈","トップス袖あり","3061","ジャケット","レディースファッション/アウター"
"着丈","トップス袖あり","3062","ダウンジャケット・コート","レディースファッション/アウター"
"肩幅","トップス袖あり","3062","ダウンジャケット・コート","レディースファッション/アウター"
"胸囲","トップス袖あり","3062","ダウンジャケット・コート","レディースファッション/アウター"
"袖丈","トップス袖あり","3062","ダウンジャケット・コート","レディースファッション/アウター"
"着丈","トップス袖あり","3063","ブルゾン","レディースファッション/アウター"
"肩幅","トップス袖あり","3063","ブルゾン","レディースファッション/アウター"
"胸囲","トップス袖あり","3063","ブルゾン","レディースファッション/アウター"
"袖丈","トップス袖あり","3063","ブルゾン","レディースファッション/アウター"
"着丈","トップス袖あり","3064","アウターその他","レディースファッション/アウター"
"肩幅","トップス袖あり","3064","アウターその他","レディースファッション/アウター"
"胸囲","トップス袖あり","3064","アウターその他","レディースファッション/アウター"
"袖丈","トップス袖あり","3064","アウターその他","レディースファッション/アウター"
"着丈","トップス袖あり","3065","カーディガン","レディースファッション/トップス"
"肩幅","トップス袖あり","3065","カーディガン","レディースファッション/トップス"
"胸囲","トップス袖あり","3065","カーディガン","レディースファッション/トップス"
"袖丈","トップス袖あり","3065","カーディガン","レディースファッション/トップス"
"総丈","エプロン・ポンチョ","3066","ポンチョ・ケープ","レディースファッション/アウター"
"幅","エプロン・ポンチョ","3066","ポンチョ・ケープ","レディースファッション/アウター"
"着丈","トップス袖なし","3067","ダウンベスト","レディースファッション/アウター"
"胸囲","トップス袖なし","3067","ダウンベスト","レディースファッション/アウター"
"ヒール高","シューズ","3080","サンダル・ミュール","レディースファッション/靴・シューズ"
"ヒール高","シューズ","3081","スニーカー","レディースファッション/靴・シューズ"
"ヒール高","シューズ","3082","パンプス","レディースファッション/靴・シューズ"
"ヒール高","シューズ","3083","シューズ・サンダルその他","レディースファッション/靴・シューズ"
"高さ","ブーツ女性","3084","ロングブーツ","レディースファッション/ブーツ"
"ヒール高","ブーツ女性","3084","ロングブーツ","レディースファッション/ブーツ"
"つつ周り","ブーツ女性","3084","ロングブーツ","レディースファッション/ブーツ"
"高さ","ブーツ女性","3085","ショートブーツ・ブーティ","レディースファッション/ブーツ"
"ヒール高","ブーツ女性","3085","ショートブーツ・ブーティ","レディースファッション/ブーツ"
"つつ周り","ブーツ女性","3085","ショートブーツ・ブーティ","レディースファッション/ブーツ"
"高さ","ブーツ女性","3086","レインブーツ","レディースファッション/ブーツ"
"ヒール高","ブーツ女性","3086","レインブーツ","レディースファッション/ブーツ"
"つつ周り","ブーツ女性","3086","レインブーツ","レディースファッション/ブーツ"
"高さ","ブーツ女性","3087","ブーツその他","レディースファッション/ブーツ"
"ヒール高","ブーツ女性","3087","ブーツその他","レディースファッション/ブーツ"
"つつ周り","ブーツ女性","3087","ブーツその他","レディースファッション/ブーツ"
"ヒール高","シューズ","3088","フラットシューズ","レディースファッション/靴・シューズ"
"幅","バッグ持ち手あり","3100","トートバッグ","レディースファッション/バッグ・カバン"
"高さ","バッグ持ち手あり","3100","トートバッグ","レディースファッション/バッグ・カバン"
"マチ","バッグ持ち手あり","3100","トートバッグ","レディースファッション/バッグ・カバン"
"持ち手","バッグ持ち手あり","3100","トートバッグ","レディースファッション/バッグ・カバン"
"幅","バッグ持ち手あり","3101","ハンドバッグ","レディースファッション/バッグ・カバン"
"高さ","バッグ持ち手あり","3101","ハンドバッグ","レディースファッション/バッグ・カバン"
"マチ","バッグ持ち手あり","3101","ハンドバッグ","レディースファッション/バッグ・カバン"
"持ち手","バッグ持ち手あり","3101","ハンドバッグ","レディースファッション/バッグ・カバン"
"幅","バッグ持ち手あり","3102","エコバッグ","レディースファッション/バッグ・カバン"
"高さ","バッグ持ち手あり","3102","エコバッグ","レディースファッション/バッグ・カバン"
"マチ","バッグ持ち手あり","3102","エコバッグ","レディースファッション/バッグ・カバン"
"持ち手","バッグ持ち手あり","3102","エコバッグ","レディースファッション/バッグ・カバン"
"幅","バッグ持ち手あり","3103","かごバッグ","レディースファッション/バッグ・カバン"
"高さ","バッグ持ち手あり","3103","かごバッグ","レディースファッション/バッグ・カバン"
"マチ","バッグ持ち手あり","3103","かごバッグ","レディースファッション/バッグ・カバン"
"持ち手","バッグ持ち手あり","3103","かごバッグ","レディースファッション/バッグ・カバン"
"幅","バッグ持ち手なし","3104","クラッチバッグ","レディースファッション/バッグ・カバン"
"高さ","バッグ持ち手なし","3104","クラッチバッグ","レディースファッション/バッグ・カバン"
"マチ","バッグ持ち手なし","3104","クラッチバッグ","レディースファッション/バッグ・カバン"
"幅","バッグストラップ","3105","ショルダーバッグ・ポシェット","レディースファッション/バッグ・カバン"
"高さ","バッグストラップ","3105","ショルダーバッグ・ポシェット","レディースファッション/バッグ・カバン"
"マチ","バッグストラップ","3105","ショルダーバッグ・ポシェット","レディースファッション/バッグ・カバン"
"ストラップ","バッグストラップ","3105","ショルダーバッグ・ポシェット","レディースファッション/バッグ・カバン"
"幅","バッグ持ち手あり","3106","ボストンバッグ","レディースファッション/バッグ・カバン"
"高さ","バッグ持ち手あり","3106","ボストンバッグ","レディースファッション/バッグ・カバン"
"マチ","バッグ持ち手あり","3106","ボストンバッグ","レディースファッション/バッグ・カバン"
"持ち手","バッグ持ち手あり","3106","ボストンバッグ","レディースファッション/バッグ・カバン"
"幅","バッグ持ち手なし","3107","バックパック・リュック","レディースファッション/バッグ・カバン"
"高さ","バッグ持ち手なし","3107","バックパック・リュック","レディースファッション/バッグ・カバン"
"マチ","バッグ持ち手なし","3107","バックパック・リュック","レディースファッション/バッグ・カバン"
"幅","バッグ持ち手あり","3108","バッグ・カバンその他","レディースファッション/バッグ・カバン"
"高さ","バッグ持ち手あり","3108","バッグ・カバンその他","レディースファッション/バッグ・カバン"
"マチ","バッグ持ち手あり","3108","バッグ・カバンその他","レディースファッション/バッグ・カバン"
"持ち手","バッグ持ち手あり","3108","バッグ・カバンその他","レディースファッション/バッグ・カバン"
"縦","財布系","3111","折りたたみ財布","レディースファッション/財布・小物"
"横","財布系","3111","折りたたみ財布","レディースファッション/財布・小物"
"厚み","財布系","3111","折りたたみ財布","レディースファッション/財布・小物"
"縦","財布系","3112","コインケース・小銭入れ","レディースファッション/財布・小物"
"横","財布系","3112","コインケース・小銭入れ","レディースファッション/財布・小物"
"厚み","財布系","3112","コインケース・小銭入れ","レディースファッション/財布・小物"
"縦","財布系","3113","カードケース・名刺入れ","レディースファッション/財布・小物"
"横","財布系","3113","カードケース・名刺入れ","レディースファッション/財布・小物"
"厚み","財布系","3113","カードケース・名刺入れ","レディースファッション/財布・小物"
"縦","財布系","3114","財布・小物その他","レディースファッション/財布・小物"
"横","財布系","3114","財布・小物その他","レディースファッション/財布・小物"
"厚み","財布系","3114","財布・小物その他","レディースファッション/財布・小物"
"長さ","ネックレス","3120","ネックレス・ペンダント","レディースファッション/アクセサリー"
"トップ縦","ネックレス","3120","ネックレス・ペンダント","レディースファッション/アクセサリー"
"トップ横","ネックレス","3120","ネックレス・ペンダント","レディースファッション/アクセサリー"
"縦","イヤリング","3121","ピアス","レディースファッション/アクセサリー"
"横","イヤリング","3121","ピアス","レディースファッション/アクセサリー"
"幅","指輪","3122","指輪・リング","レディースファッション/アクセサリー"
"円周","指輪","3122","指輪・リング","レディースファッション/アクセサリー"
"幅","腕時計","3126","アナログ腕時計","レディースファッション/腕時計"
"手首周り","腕時計","3126","アナログ腕時計","レディースファッション/腕時計"
"文字盤縦","腕時計","3126","アナログ腕時計","レディースファッション/腕時計"
"文字盤横","腕時計","3126","アナログ腕時計","レディースファッション/腕時計"
"幅","腕時計","3127","デジタル腕時計","レディースファッション/腕時計"
"手首周り","腕時計","3127","デジタル腕時計","レディースファッション/腕時計"
"文字盤縦","腕時計","3127","デジタル腕時計","レディースファッション/腕時計"
"文字盤横","腕時計","3127","デジタル腕時計","レディースファッション/腕時計"
"幅","腕時計","3128","腕時計その他","レディースファッション/腕時計"
"手首周り","腕時計","3128","腕時計その他","レディースファッション/腕時計"
"文字盤縦","腕時計","3128","腕時計その他","レディースファッション/腕時計"
"文字盤横","腕時計","3128","腕時計その他","レディースファッション/腕時計"
"幅","ブレスレット","3129","ブレスレット","レディースファッション/アクセサリー"
"長さ","ブレスレット","3129","ブレスレット","レディースファッション/アクセサリー"
"幅","ブレスレット","3130","アンクレット","レディースファッション/アクセサリー"
"長さ","ブレスレット","3130","アンクレット","レディースファッション/アクセサリー"
"フレーム縦","アイウェア","3140","サングラス","レディースファッション/アイウェア"
"フレーム横 ","アイウェア","3140","サングラス","レディースファッション/アイウェア"
"レンズ縦","アイウェア","3140","サングラス","レディースファッション/アイウェア"
"レンズ横","アイウェア","3140","サングラス","レディースファッション/アイウェア"
"テンプル","アイウェア","3140","サングラス","レディースファッション/アイウェア"
"フレーム縦","アイウェア","3141","メガネ","レディースファッション/アイウェア"
"フレーム横 ","アイウェア","3141","メガネ","レディースファッション/アイウェア"
"レンズ縦","アイウェア","3141","メガネ","レディースファッション/アイウェア"
"レンズ横","アイウェア","3141","メガネ","レディースファッション/アイウェア"
"テンプル","アイウェア","3141","メガネ","レディースファッション/アイウェア"
"フレーム縦","アイウェア","3142","アイウェアその他","レディースファッション/アイウェア"
"フレーム横 ","アイウェア","3142","アイウェアその他","レディースファッション/アイウェア"
"レンズ縦","アイウェア","3142","アイウェアその他","レディースファッション/アイウェア"
"レンズ横","アイウェア","3142","アイウェアその他","レディースファッション/アイウェア"
"テンプル","アイウェア","3142","アイウェアその他","レディースファッション/アイウェア"
"幅","マフラー・スカーフ","3161","スカーフ","レディースファッション/ファッション雑貨・小物"
"長さ","マフラー・スカーフ","3161","スカーフ","レディースファッション/ファッション雑貨・小物"
"幅","マフラー・スカーフ","3162","マフラー・ストール","レディースファッション/ファッション雑貨・小物"
"長さ","マフラー・スカーフ","3162","マフラー・ストール","レディースファッション/ファッション雑貨・小物"
"手首周り","手袋","3163","手袋","レディースファッション/ファッション雑貨・小物"
"全長","手袋","3163","手袋","レディースファッション/ファッション雑貨・小物"
"ウエスト","ベルト","3164","ベルト","レディースファッション/ファッション雑貨・小物"
"幅","ベルト","3164","ベルト","レディースファッション/ファッション雑貨・小物"
"全長","ベルト","3164","ベルト","レディースファッション/ファッション雑貨・小物"
"縦","財布系","3169","長財布","レディースファッション/財布・小物"
"横","財布系","3169","長財布","レディースファッション/財布・小物"
"厚み","財布系","3169","長財布","レディースファッション/財布・小物"
"幅","バッグ持ち手なし","3170","ポーチ","レディースファッション/財布・小物"
"高さ","バッグ持ち手なし","3170","ポーチ","レディースファッション/財布・小物"
"マチ","バッグ持ち手なし","3170","ポーチ","レディースファッション/財布・小物"
"ヒップ","下着女性ショーツ","3200","ショーツ","レディースファッション/インナー・ルームウェア"
"着丈","トップス袖なし","3201","スリップ・インナー・キャミ","レディースファッション/インナー・ルームウェア"
"胸囲","トップス袖なし","3201","スリップ・インナー・キャミ","レディースファッション/インナー・ルームウェア"
"トップ","下着女性ブラジャー","3202","ブラジャー","レディースファッション/インナー・ルームウェア"
"アンダー","下着女性ブラジャー","3202","ブラジャー","レディースファッション/インナー・ルームウェア"
"ヒップ","下着女性ブラジャー＆ショーツ","3203","ブラジャー＆ショーツ","レディースファッション/インナー・ルームウェア"
"トップ","下着女性ブラジャー＆ショーツ","3203","ブラジャー＆ショーツ","レディースファッション/インナー・ルームウェア"
"アンダー","下着女性ブラジャー＆ショーツ","3203","ブラジャー＆ショーツ","レディースファッション/インナー・ルームウェア"
"着丈","ワンピース系","3243","パーティードレス","レディースファッション/ブライダル・パーティー"
"肩幅","ワンピース系","3243","パーティードレス","レディースファッション/ブライダル・パーティー"
"胸囲","ワンピース系","3243","パーティードレス","レディースファッション/ブライダル・パーティー"
"袖丈","ワンピース系","3243","パーティードレス","レディースファッション/ブライダル・パーティー"
"ウエスト","ワンピース系","3243","パーティードレス","レディースファッション/ブライダル・パーティー"
"ヒップ","ワンピース系","3243","パーティードレス","レディースファッション/ブライダル・パーティー"
"着丈","ワンピース系","3245","ウェディングドレス","レディースファッション/ブライダル・パーティー"
"肩幅","ワンピース系","3245","ウェディングドレス","レディースファッション/ブライダル・パーティー"
"胸囲","ワンピース系","3245","ウェディングドレス","レディースファッション/ブライダル・パーティー"
"袖丈","ワンピース系","3245","ウェディングドレス","レディースファッション/ブライダル・パーティー"
"ウエスト","ワンピース系","3245","ウェディングドレス","レディースファッション/ブライダル・パーティー"
"ヒップ","ワンピース系","3245","ウェディングドレス","レディースファッション/ブライダル・パーティー"
"ヒール高","シューズ","3247","ウェディングシューズ","レディースファッション/ブライダル・パーティー"
"ヒール高","シューズ","3254","パーティーシューズ","レディースファッション/靴・シューズ"
"幅","バッグ持ち手あり","3255","パーティーバッグ","レディースファッション/バッグ・カバン"
"高さ","バッグ持ち手あり","3255","パーティーバッグ","レディースファッション/バッグ・カバン"
"マチ","バッグ持ち手あり","3255","パーティーバッグ","レディースファッション/バッグ・カバン"
"持ち手","バッグ持ち手あり","3255","パーティーバッグ","レディースファッション/バッグ・カバン"
"着丈","トップス袖あり","3257","フリースジャケット","レディースファッション/アウター"
"肩幅","トップス袖あり","3257","フリースジャケット","レディースファッション/アウター"
"胸囲","トップス袖あり","3257","フリースジャケット","レディースファッション/アウター"
"袖丈","トップス袖あり","3257","フリースジャケット","レディースファッション/アウター"
"縦","イヤリング","3259","ブローチ・コサージュ","レディースファッション/アクセサリー"
"横","イヤリング","3259","ブローチ・コサージュ","レディースファッション/アクセサリー"
"着丈","トップス袖あり","3260","Tシャツ・カットソー","メンズファッション/トップス"
"肩幅","トップス袖あり","3260","Tシャツ・カットソー","メンズファッション/トップス"
"胸囲","トップス袖あり","3260","Tシャツ・カットソー","メンズファッション/トップス"
"袖丈","トップス袖あり","3260","Tシャツ・カットソー","メンズファッション/トップス"
"着丈","トップス袖あり","3261","ポロシャツ","メンズファッション/トップス"
"肩幅","トップス袖あり","3261","ポロシャツ","メンズファッション/トップス"
"胸囲","トップス袖あり","3261","ポロシャツ","メンズファッション/トップス"
"袖丈","トップス袖あり","3261","ポロシャツ","メンズファッション/トップス"
"着丈","トップス袖あり","3263","シャツ","メンズファッション/トップス"
"肩幅","トップス袖あり","3263","シャツ","メンズファッション/トップス"
"胸囲","トップス袖あり","3263","シャツ","メンズファッション/トップス"
"袖丈","トップス袖あり","3263","シャツ","メンズファッション/トップス"
"着丈","トップス袖あり","3264","パーカー・フーディ","メンズファッション/トップス"
"肩幅","トップス袖あり","3264","パーカー・フーディ","メンズファッション/トップス"
"胸囲","トップス袖あり","3264","パーカー・フーディ","メンズファッション/トップス"
"袖丈","トップス袖あり","3264","パーカー・フーディ","メンズファッション/トップス"
"着丈","トップス袖あり","3265","スウェット・トレーナー","メンズファッション/トップス"
"肩幅","トップス袖あり","3265","スウェット・トレーナー","メンズファッション/トップス"
"胸囲","トップス袖あり","3265","スウェット・トレーナー","メンズファッション/トップス"
"袖丈","トップス袖あり","3265","スウェット・トレーナー","メンズファッション/トップス"
"着丈","トップス袖あり","3266","ニット・セーター","メンズファッション/トップス"
"肩幅","トップス袖あり","3266","ニット・セーター","メンズファッション/トップス"
"胸囲","トップス袖あり","3266","ニット・セーター","メンズファッション/トップス"
"袖丈","トップス袖あり","3266","ニット・セーター","メンズファッション/トップス"
"着丈","トップス袖あり","3268","トップスその他","メンズファッション/トップス"
"肩幅","トップス袖あり","3268","トップスその他","メンズファッション/トップス"
"胸囲","トップス袖あり","3268","トップスその他","メンズファッション/トップス"
"袖丈","トップス袖あり","3268","トップスその他","メンズファッション/トップス"
"着丈","トップス袖なし","3269","タンクトップ","メンズファッション/トップス"
"胸囲","トップス袖なし","3269","タンクトップ","メンズファッション/トップス"
"ウエスト","ボトムスパンツ","3281","デニム・ジーパン","メンズファッション/パンツ・ボトムス"
"ヒップ","ボトムスパンツ","3281","デニム・ジーパン","メンズファッション/パンツ・ボトムス"
"股上","ボトムスパンツ","3281","デニム・ジーパン","メンズファッション/パンツ・ボトムス"
"股下","ボトムスパンツ","3281","デニム・ジーパン","メンズファッション/パンツ・ボトムス"
"もも周り","ボトムスパンツ","3281","デニム・ジーパン","メンズファッション/パンツ・ボトムス"
"すそ周り","ボトムスパンツ","3281","デニム・ジーパン","メンズファッション/パンツ・ボトムス"
"ウエスト","ボトムスパンツ","3282","ハーフ・ショートパンツ","メンズファッション/パンツ・ボトムス"
"ヒップ","ボトムスパンツ","3282","ハーフ・ショートパンツ","メンズファッション/パンツ・ボトムス"
"股上","ボトムスパンツ","3282","ハーフ・ショートパンツ","メンズファッション/パンツ・ボトムス"
"股下","ボトムスパンツ","3282","ハーフ・ショートパンツ","メンズファッション/パンツ・ボトムス"
"もも周り","ボトムスパンツ","3282","ハーフ・ショートパンツ","メンズファッション/パンツ・ボトムス"
"すそ周り","ボトムスパンツ","3282","ハーフ・ショートパンツ","メンズファッション/パンツ・ボトムス"
"ウエスト","ボトムスパンツ","3285","パンツ・ボトムスその他","メンズファッション/パンツ・ボトムス"
"ヒップ","ボトムスパンツ","3285","パンツ・ボトムスその他","メンズファッション/パンツ・ボトムス"
"股上","ボトムスパンツ","3285","パンツ・ボトムスその他","メンズファッション/パンツ・ボトムス"
"股下","ボトムスパンツ","3285","パンツ・ボトムスその他","メンズファッション/パンツ・ボトムス"
"もも周り","ボトムスパンツ","3285","パンツ・ボトムスその他","メンズファッション/パンツ・ボトムス"
"すそ周り","ボトムスパンツ","3285","パンツ・ボトムスその他","メンズファッション/パンツ・ボトムス"
"着丈","トップス袖あり","3300","コートその他","メンズファッション/アウター・ジャケット"
"肩幅","トップス袖あり","3300","コートその他","メンズファッション/アウター・ジャケット"
"胸囲","トップス袖あり","3300","コートその他","メンズファッション/アウター・ジャケット"
"袖丈","トップス袖あり","3300","コートその他","メンズファッション/アウター・ジャケット"
"着丈","トップス袖あり","3301","ジャケットその他","メンズファッション/アウター・ジャケット"
"肩幅","トップス袖あり","3301","ジャケットその他","メンズファッション/アウター・ジャケット"
"胸囲","トップス袖あり","3301","ジャケットその他","メンズファッション/アウター・ジャケット"
"袖丈","トップス袖あり","3301","ジャケットその他","メンズファッション/アウター・ジャケット"
"着丈","トップス袖あり","3302","ダウンジャケット","メンズファッション/アウター・ジャケット"
"肩幅","トップス袖あり","3302","ダウンジャケット","メンズファッション/アウター・ジャケット"
"胸囲","トップス袖あり","3302","ダウンジャケット","メンズファッション/アウター・ジャケット"
"袖丈","トップス袖あり","3302","ダウンジャケット","メンズファッション/アウター・ジャケット"
"着丈","トップス袖あり","3303","ブルゾン","メンズファッション/アウター・ジャケット"
"肩幅","トップス袖あり","3303","ブルゾン","メンズファッション/アウター・ジャケット"
"胸囲","トップス袖あり","3303","ブルゾン","メンズファッション/アウター・ジャケット"
"袖丈","トップス袖あり","3303","ブルゾン","メンズファッション/アウター・ジャケット"
"着丈","トップス袖あり","3304","アウターその他","メンズファッション/アウター・ジャケット"
"肩幅","トップス袖あり","3304","アウターその他","メンズファッション/アウター・ジャケット"
"胸囲","トップス袖あり","3304","アウターその他","メンズファッション/アウター・ジャケット"
"袖丈","トップス袖あり","3304","アウターその他","メンズファッション/アウター・ジャケット"
"着丈","トップス袖あり","3305","レザージャケット","メンズファッション/アウター・ジャケット"
"肩幅","トップス袖あり","3305","レザージャケット","メンズファッション/アウター・ジャケット"
"胸囲","トップス袖あり","3305","レザージャケット","メンズファッション/アウター・ジャケット"
"袖丈","トップス袖あり","3305","レザージャケット","メンズファッション/アウター・ジャケット"
"着丈","トップス袖あり","3306","ピーコート","メンズファッション/アウター・ジャケット"
"肩幅","トップス袖あり","3306","ピーコート","メンズファッション/アウター・ジャケット"
"胸囲","トップス袖あり","3306","ピーコート","メンズファッション/アウター・ジャケット"
"袖丈","トップス袖あり","3306","ピーコート","メンズファッション/アウター・ジャケット"
"着丈","トップス袖あり","3307","ダッフルコート","メンズファッション/アウター・ジャケット"
"肩幅","トップス袖あり","3307","ダッフルコート","メンズファッション/アウター・ジャケット"
"胸囲","トップス袖あり","3307","ダッフルコート","メンズファッション/アウター・ジャケット"
"袖丈","トップス袖あり","3307","ダッフルコート","メンズファッション/アウター・ジャケット"
"着丈","トップス袖あり","3308","トレンチコート","メンズファッション/アウター・ジャケット"
"肩幅","トップス袖あり","3308","トレンチコート","メンズファッション/アウター・ジャケット"
"胸囲","トップス袖あり","3308","トレンチコート","メンズファッション/アウター・ジャケット"
"袖丈","トップス袖あり","3308","トレンチコート","メンズファッション/アウター・ジャケット"
"着丈","トップス袖あり","3309","カーディガン","メンズファッション/トップス"
"肩幅","トップス袖あり","3309","カーディガン","メンズファッション/トップス"
"胸囲","トップス袖あり","3309","カーディガン","メンズファッション/トップス"
"袖丈","トップス袖あり","3309","カーディガン","メンズファッション/トップス"
"着丈","トップス袖あり","3310","ジャージ","メンズファッション/アウター・ジャケット"
"肩幅","トップス袖あり","3310","ジャージ","メンズファッション/アウター・ジャケット"
"胸囲","トップス袖あり","3310","ジャージ","メンズファッション/アウター・ジャケット"
"袖丈","トップス袖あり","3310","ジャージ","メンズファッション/アウター・ジャケット"
"着丈","トップス袖なし","3311","ダウンベスト","メンズファッション/アウター・ジャケット"
"胸囲","トップス袖なし","3311","ダウンベスト","メンズファッション/アウター・ジャケット"
"着丈","トップス袖あり","3312","テーラードジャケット","メンズファッション/アウター・ジャケット"
"肩幅","トップス袖あり","3312","テーラードジャケット","メンズファッション/アウター・ジャケット"
"胸囲","トップス袖あり","3312","テーラードジャケット","メンズファッション/アウター・ジャケット"
"袖丈","トップス袖あり","3312","テーラードジャケット","メンズファッション/アウター・ジャケット"
"足幅","ドレスシューズ男性","3322","ドレスシューズ・革靴・ビジネスシューズ","メンズファッション/靴・ブーツ・サンダル"
"高さ","ブーツ男性","3323","ブーツ","メンズファッション/靴・ブーツ・サンダル"
"ヒール高","ブーツ男性","3323","ブーツ","メンズファッション/靴・ブーツ・サンダル"
"ヒール高","シューズ","3324","靴・ブーツ・サンダルその他","メンズファッション/靴・ブーツ・サンダル"
"幅","バッグストラップ","3341","ショルダーバッグ","メンズファッション/バッグ・カバン"
"高さ","バッグストラップ","3341","ショルダーバッグ","メンズファッション/バッグ・カバン"
"マチ","バッグストラップ","3341","ショルダーバッグ","メンズファッション/バッグ・カバン"
"ストラップ","バッグストラップ","3341","ショルダーバッグ","メンズファッション/バッグ・カバン"
"幅","バッグ持ち手あり","3342","トートバッグ","メンズファッション/バッグ・カバン"
"高さ","バッグ持ち手あり","3342","トートバッグ","メンズファッション/バッグ・カバン"
"マチ","バッグ持ち手あり","3342","トートバッグ","メンズファッション/バッグ・カバン"
"持ち手","バッグ持ち手あり","3342","トートバッグ","メンズファッション/バッグ・カバン"
"幅","バッグ持ち手あり","3343","ボストンバッグ","メンズファッション/バッグ・カバン"
"高さ","バッグ持ち手あり","3343","ボストンバッグ","メンズファッション/バッグ・カバン"
"マチ","バッグ持ち手あり","3343","ボストンバッグ","メンズファッション/バッグ・カバン"
"持ち手","バッグ持ち手あり","3343","ボストンバッグ","メンズファッション/バッグ・カバン"
"幅","バッグ持ち手なし","3344","バックパック・リュック","メンズファッション/バッグ・カバン"
"高さ","バッグ持ち手なし","3344","バックパック・リュック","メンズファッション/バッグ・カバン"
"マチ","バッグ持ち手なし","3344","バックパック・リュック","メンズファッション/バッグ・カバン"
"幅","バッグ持ち手あり","3345","ビジネスバッグ・アタッシュケース","メンズファッション/バッグ・カバン"
"高さ","バッグ持ち手あり","3345","ビジネスバッグ・アタッシュケース","メンズファッション/バッグ・カバン"
"マチ","バッグ持ち手あり","3345","ビジネスバッグ・アタッシュケース","メンズファッション/バッグ・カバン"
"持ち手","バッグ持ち手あり","3345","ビジネスバッグ・アタッシュケース","メンズファッション/バッグ・カバン"
"幅","バッグ持ち手あり","3346","バッグ・カバンその他","メンズファッション/バッグ・カバン"
"高さ","バッグ持ち手あり","3346","バッグ・カバンその他","メンズファッション/バッグ・カバン"
"マチ","バッグ持ち手あり","3346","バッグ・カバンその他","メンズファッション/バッグ・カバン"
"持ち手","バッグ持ち手あり","3346","バッグ・カバンその他","メンズファッション/バッグ・カバン"
"幅","バッグ持ち手なし","3347","クラッチバッグ","メンズファッション/バッグ・カバン"
"高さ","バッグ持ち手なし","3347","クラッチバッグ","メンズファッション/バッグ・カバン"
"マチ","バッグ持ち手なし","3347","クラッチバッグ","メンズファッション/バッグ・カバン"
"長さ","ネックレス","3360","ネックレス・チョーカー","メンズファッション/アクセサリー"
"トップ縦","ネックレス","3360","ネックレス・チョーカー","メンズファッション/アクセサリー"
"トップ横","ネックレス","3360","ネックレス・チョーカー","メンズファッション/アクセサリー"
"幅","ブレスレット","3362","ブレスレット","メンズファッション/アクセサリー"
"長さ","ブレスレット","3362","ブレスレット","メンズファッション/アクセサリー"
"幅","指輪","3363","指輪・リング","メンズファッション/アクセサリー"
"円周","指輪","3363","指輪・リング","メンズファッション/アクセサリー"
"幅","マフラー・スカーフ","3401","マフラー","メンズファッション/ファッション雑貨・小物"
"長さ","マフラー・スカーフ","3401","マフラー","メンズファッション/ファッション雑貨・小物"
"手首周り","手袋","3403","手袋","メンズファッション/ファッション雑貨・小物"
"全長","手袋","3403","手袋","メンズファッション/ファッション雑貨・小物"
"ウエスト","ベルト","3404","ベルト","メンズファッション/ファッション雑貨・小物"
"幅","ベルト","3404","ベルト","メンズファッション/ファッション雑貨・小物"
"全長","ベルト","3404","ベルト","メンズファッション/ファッション雑貨・小物"
"縦","財布系","3408","長財布","メンズファッション/財布・雑貨"
"横","財布系","3408","長財布","メンズファッション/財布・雑貨"
"厚み","財布系","3408","長財布","メンズファッション/財布・雑貨"
"縦","財布系","3411","カードケース・名刺入れ","メンズファッション/財布・雑貨"
"横","財布系","3411","カードケース・名刺入れ","メンズファッション/財布・雑貨"
"厚み","財布系","3411","カードケース・名刺入れ","メンズファッション/財布・雑貨"
"全長","ネクタイ","3413","ネクタイ","メンズファッション/ファッション雑貨・小物"
"最大幅","ネクタイ","3413","ネクタイ","メンズファッション/ファッション雑貨・小物"
"フレーム縦","アイウェア","3414","サングラス","メンズファッション/アイウェア"
"フレーム横 ","アイウェア","3414","サングラス","メンズファッション/アイウェア"
"レンズ縦","アイウェア","3414","サングラス","メンズファッション/アイウェア"
"レンズ横","アイウェア","3414","サングラス","メンズファッション/アイウェア"
"テンプル","アイウェア","3414","サングラス","メンズファッション/アイウェア"
"フレーム縦","アイウェア","3417","メガネ","メンズファッション/アイウェア"
"フレーム横 ","アイウェア","3417","メガネ","メンズファッション/アイウェア"
"レンズ縦","アイウェア","3417","メガネ","メンズファッション/アイウェア"
"レンズ横","アイウェア","3417","メガネ","メンズファッション/アイウェア"
"テンプル","アイウェア","3417","メガネ","メンズファッション/アイウェア"
"フレーム縦","アイウェア","3418","アイウェアその他","メンズファッション/アイウェア"
"フレーム横 ","アイウェア","3418","アイウェアその他","メンズファッション/アイウェア"
"レンズ縦","アイウェア","3418","アイウェアその他","メンズファッション/アイウェア"
"レンズ横","アイウェア","3418","アイウェアその他","メンズファッション/アイウェア"
"テンプル","アイウェア","3418","アイウェアその他","メンズファッション/アイウェア"
"縦","財布系","3419","折りたたみ財布","メンズファッション/財布・雑貨"
"横","財布系","3419","折りたたみ財布","メンズファッション/財布・雑貨"
"厚み","財布系","3419","折りたたみ財布","メンズファッション/財布・雑貨"
"着丈","トップス袖あり","3420","アンダーシャツ・インナー","メンズファッション/インナー・ルームウェア"
"肩幅","トップス袖あり","3420","アンダーシャツ・インナー","メンズファッション/インナー・ルームウェア"
"胸囲","トップス袖あり","3420","アンダーシャツ・インナー","メンズファッション/インナー・ルームウェア"
"袖丈","トップス袖あり","3420","アンダーシャツ・インナー","メンズファッション/インナー・ルームウェア"
"ウエスト","下着男性","3421","トランクス","メンズファッション/インナー・ルームウェア"
"ウエスト","下着男性","3422","ブリーフ","メンズファッション/インナー・ルームウェア"
"ウエスト","下着男性","3423","ボクサーパンツ","メンズファッション/インナー・ルームウェア"
"縦","財布系","3426","コインケース・小銭入れ","メンズファッション/財布・雑貨"
"横","財布系","3426","コインケース・小銭入れ","メンズファッション/財布・雑貨"
"厚み","財布系","3426","コインケース・小銭入れ","メンズファッション/財布・雑貨"
"縦","食器系（皿）","3541","食器（皿）","ライフスタイル/キッチン・ダイニング"
"横","食器系（皿）","3541","食器（皿）","ライフスタイル/キッチン・ダイニング"
"高さ","食器系（グラス・コップ）","3542","コップ・グラス","ライフスタイル/キッチン・ダイニング"
"直径","食器系（グラス・コップ）","3542","コップ・グラス","ライフスタイル/キッチン・ダイニング"
"高さ","小物・家具系","3544","容器・ストッカー","ライフスタイル/キッチン・ダイニング"
"縦","小物・家具系","3544","容器・ストッカー","ライフスタイル/キッチン・ダイニング"
"横","小物・家具系","3544","容器・ストッカー","ライフスタイル/キッチン・ダイニング"
"縦","カバー・タオル系","3546","テーブルリネン","ライフスタイル/キッチン・ダイニング"
"横","カバー・タオル系","3546","テーブルリネン","ライフスタイル/キッチン・ダイニング"
"総丈","エプロン・ポンチョ","3547","エプロン","ライフスタイル/キッチン・ダイニング"
"幅","エプロン・ポンチョ","3547","エプロン","ライフスタイル/キッチン・ダイニング"
"高さ","食器系（グラス・コップ）","3551","マグカップ・ティーカップ","ライフスタイル/キッチン・ダイニング"
"直径","食器系（グラス・コップ）","3551","マグカップ・ティーカップ","ライフスタイル/キッチン・ダイニング"
"幅","家具・インテリア","3583","DIY・工具","ライフスタイル/インテリア雑貨"
"高さ","家具・インテリア","3583","DIY・工具","ライフスタイル/インテリア雑貨"
"奥行","家具・インテリア","3583","DIY・工具","ライフスタイル/インテリア雑貨"
"幅","家具・インテリア","3588","インテリア雑貨その他","ライフスタイル/インテリア雑貨"
"高さ","家具・インテリア","3588","インテリア雑貨その他","ライフスタイル/インテリア雑貨"
"奥行","家具・インテリア","3588","インテリア雑貨その他","ライフスタイル/インテリア雑貨"
"幅","家具・インテリア","3589","ミラー・鏡・姿見","ライフスタイル/インテリア雑貨"
"高さ","家具・インテリア","3589","ミラー・鏡・姿見","ライフスタイル/インテリア雑貨"
"奥行","家具・インテリア","3589","ミラー・鏡・姿見","ライフスタイル/インテリア雑貨"
"幅","家具・インテリア","3590","小物入れ(トレイ)","ライフスタイル/インテリア雑貨"
"高さ","家具・インテリア","3590","小物入れ(トレイ)","ライフスタイル/インテリア雑貨"
"奥行","家具・インテリア","3590","小物入れ(トレイ)","ライフスタイル/インテリア雑貨"
"幅","家具・インテリア","3591","ティッシュケース","ライフスタイル/インテリア雑貨"
"高さ","家具・インテリア","3591","ティッシュケース","ライフスタイル/インテリア雑貨"
"奥行","家具・インテリア","3591","ティッシュケース","ライフスタイル/インテリア雑貨"
"幅","スーツケース","3640","トラベルバッグ・旅行かばん","ライフスタイル/トラベルグッズ"
"高さ","スーツケース","3640","トラベルバッグ・旅行かばん","ライフスタイル/トラベルグッズ"
"奥行","スーツケース","3640","トラベルバッグ・旅行かばん","ライフスタイル/トラベルグッズ"
"幅","家具・インテリア","3663","ペットカート","ライフスタイル/ペット用品"
"高さ","家具・インテリア","3663","ペットカート","ライフスタイル/ペット用品"
"奥行","家具・インテリア","3663","ペットカート","ライフスタイル/ペット用品"
"高さ","フィギュア・人形","3682","キャラクターグッズ","ライフスタイル/ホビー・カルチャー"
"幅","家具・インテリア","3687","カメラ・カメラグッズ","ライフスタイル/デザイン家電"
"高さ","家具・インテリア","3687","カメラ・カメラグッズ","ライフスタイル/デザイン家電"
"奥行","家具・インテリア","3687","カメラ・カメラグッズ","ライフスタイル/デザイン家電"
"幅","家具・インテリア","3688","AV機器・オーディオ機器","ライフスタイル/デザイン家電"
"高さ","家具・インテリア","3688","AV機器・オーディオ機器","ライフスタイル/デザイン家電"
"奥行","家具・インテリア","3688","AV機器・オーディオ機器","ライフスタイル/デザイン家電"
"幅","家具・インテリア","3693","花瓶・植木鉢","ライフスタイル/インテリア雑貨"
"高さ","家具・インテリア","3693","花瓶・植木鉢","ライフスタイル/インテリア雑貨"
"奥行","家具・インテリア","3693","花瓶・植木鉢","ライフスタイル/インテリア雑貨"
"縦","カバー・タオル系","3770","ベッドカバー・布団カバー・寝具","ライフスタイル/ファブリック"
"横","カバー・タオル系","3770","ベッドカバー・布団カバー・寝具","ライフスタイル/ファブリック"
"縦","カバー・タオル系","3771","ブランケット(ひざ掛け)","ライフスタイル/ファブリック"
"横","カバー・タオル系","3771","ブランケット(ひざ掛け)","ライフスタイル/ファブリック"
"縦","カバー・タオル系","3772","クッション・クッションカバー","ライフスタイル/ファブリック"
"横","カバー・タオル系","3772","クッション・クッションカバー","ライフスタイル/ファブリック"
"縦","カバー・タオル系","3773","ラグ・カーペット","ライフスタイル/ファブリック"
"横","カバー・タオル系","3773","ラグ・カーペット","ライフスタイル/ファブリック"
"縦","カバー・タオル系","3774","カーテン","ライフスタイル/ファブリック"
"横","カバー・タオル系","3774","カーテン","ライフスタイル/ファブリック"
"縦","カバー・タオル系","3775","タオル","ライフスタイル/ファブリック"
"横","カバー・タオル系","3775","タオル","ライフスタイル/ファブリック"
"ヒップ","下着女性ブラジャー＆ショーツ","3861","マタニティ下着・肌着","ベビー・キッズ/マタニティウェア・授乳服・グッズ"
"トップ","下着女性ブラジャー＆ショーツ","3861","マタニティ下着・肌着","ベビー・キッズ/マタニティウェア・授乳服・グッズ"
"アンダー","下着女性ブラジャー＆ショーツ","3861","マタニティ下着・肌着","ベビー・キッズ/マタニティウェア・授乳服・グッズ"
"幅","バッグ持ち手あり","3862","マザーズバッグ","ベビー・キッズ"
"高さ","バッグ持ち手あり","3862","マザーズバッグ","ベビー・キッズ"
"マチ","バッグ持ち手あり","3862","マザーズバッグ","ベビー・キッズ"
"持ち手","バッグ持ち手あり","3862","マザーズバッグ","ベビー・キッズ"
"幅","家具・インテリア","3866","パーテーション・間仕切り","ライフスタイル/家具・日用品"
"高さ","家具・インテリア","3866","パーテーション・間仕切り","ライフスタイル/家具・日用品"
"奥行","家具・インテリア","3866","パーテーション・間仕切り","ライフスタイル/家具・日用品"
"幅","壁紙系","3867","ウォールステッカー","ライフスタイル/インテリア雑貨"
"高さ","壁紙系","3867","ウォールステッカー","ライフスタイル/インテリア雑貨"
"幅","家具・インテリア","3868","ペットゲート","ライフスタイル/ペット用品"
"高さ","家具・インテリア","3868","ペットゲート","ライフスタイル/ペット用品"
"奥行","家具・インテリア","3868","ペットゲート","ライフスタイル/ペット用品"
"幅","家具・インテリア","3869","キャットタワー","ライフスタイル/ペット用品"
"高さ","家具・インテリア","3869","キャットタワー","ライフスタイル/ペット用品"
"奥行","家具・インテリア","3869","キャットタワー","ライフスタイル/ペット用品"
"着丈","トップス袖あり","4101","アンサンブル","レディースファッション/トップス"
"肩幅","トップス袖あり","4101","アンサンブル","レディースファッション/トップス"
"胸囲","トップス袖あり","4101","アンサンブル","レディースファッション/トップス"
"袖丈","トップス袖あり","4101","アンサンブル","レディースファッション/トップス"
"着丈","トップス袖なし","4102","キャミソール","レディースファッション/トップス"
"胸囲","トップス袖なし","4102","キャミソール","レディースファッション/トップス"
"着丈","ワンピース系","4103","セットアップ","レディースファッション/ワンピース・オールインワン"
"肩幅","ワンピース系","4103","セットアップ","レディースファッション/ワンピース・オールインワン"
"胸囲","ワンピース系","4103","セットアップ","レディースファッション/ワンピース・オールインワン"
"袖丈","ワンピース系","4103","セットアップ","レディースファッション/ワンピース・オールインワン"
"ウエスト","ワンピース系","4103","セットアップ","レディースファッション/ワンピース・オールインワン"
"ヒップ","ワンピース系","4103","セットアップ","レディースファッション/ワンピース・オールインワン"
"着丈","トップス袖あり","4104","レザージャケット・コート","レディースファッション/アウター"
"肩幅","トップス袖あり","4104","レザージャケット・コート","レディースファッション/アウター"
"胸囲","トップス袖あり","4104","レザージャケット・コート","レディースファッション/アウター"
"袖丈","トップス袖あり","4104","レザージャケット・コート","レディースファッション/アウター"
"着丈","トップス袖あり","4105","トレンチコート","レディースファッション/アウター"
"肩幅","トップス袖あり","4105","トレンチコート","レディースファッション/アウター"
"胸囲","トップス袖あり","4105","トレンチコート","レディースファッション/アウター"
"袖丈","トップス袖あり","4105","トレンチコート","レディースファッション/アウター"
"着丈","トップス袖あり","4106","ムートン・ファーコート","レディースファッション/アウター"
"肩幅","トップス袖あり","4106","ムートン・ファーコート","レディースファッション/アウター"
"胸囲","トップス袖あり","4106","ムートン・ファーコート","レディースファッション/アウター"
"袖丈","トップス袖あり","4106","ムートン・ファーコート","レディースファッション/アウター"
"着丈","トップス袖なし","4107","ベスト・ジレ","レディースファッション/アウター"
"胸囲","トップス袖なし","4107","ベスト・ジレ","レディースファッション/アウター"
"ヒール高","シューズ","4108","スリッポン","レディースファッション/靴・シューズ"
"ヒール高","シューズ","4109","ローファー・オックスフォード","レディースファッション/靴・シューズ"
"ヒール高","シューズ","4110","バレエシューズ","レディースファッション/靴・シューズ"
"ヒール高","シューズ","4111","レインシューズ","レディースファッション/靴・シューズ"
"高さ","ブーツ女性","4112","ミドルブーツ","レディースファッション/ブーツ"
"ヒール高","ブーツ女性","4112","ミドルブーツ","レディースファッション/ブーツ"
"つつ周り","ブーツ女性","4112","ミドルブーツ","レディースファッション/ブーツ"
"縦","財布系","4113","パスケース","レディースファッション/財布・小物"
"横","財布系","4113","パスケース","レディースファッション/財布・小物"
"厚み","財布系","4113","パスケース","レディースファッション/財布・小物"
"縦","財布系","4114","キーケース","レディースファッション/財布・小物"
"横","財布系","4114","キーケース","レディースファッション/財布・小物"
"厚み","財布系","4114","キーケース","レディースファッション/財布・小物"
"縦","財布系","4115","バッグチャーム","レディースファッション/財布・小物"
"横","財布系","4115","バッグチャーム","レディースファッション/財布・小物"
"厚み","財布系","4115","バッグチャーム","レディースファッション/財布・小物"
"高さ","帽子","4116","ハット","レディースファッション/帽子"
"頭周り","帽子","4116","ハット","レディースファッション/帽子"
"つば","帽子","4116","ハット","レディースファッション/帽子"
"高さ","帽子","4117","キャップ","レディースファッション/帽子"
"頭周り","帽子","4117","キャップ","レディースファッション/帽子"
"つば","帽子","4117","キャップ","レディースファッション/帽子"
"高さ","帽子","4118","ストローハット","レディースファッション/帽子"
"頭周り","帽子","4118","ストローハット","レディースファッション/帽子"
"つば","帽子","4118","ストローハット","レディースファッション/帽子"
"高さ","帽子","4119","ニットキャップ・ビーニー","レディースファッション/帽子"
"頭周り","帽子","4119","ニットキャップ・ビーニー","レディースファッション/帽子"
"つば","帽子","4119","ニットキャップ・ビーニー","レディースファッション/帽子"
"高さ","帽子","4120","ベレー帽","レディースファッション/帽子"
"頭周り","帽子","4120","ベレー帽","レディースファッション/帽子"
"つば","帽子","4120","ベレー帽","レディースファッション/帽子"
"高さ","帽子","4121","ハンチング・キャスケット","レディースファッション/帽子"
"頭周り","帽子","4121","ハンチング・キャスケット","レディースファッション/帽子"
"つば","帽子","4121","ハンチング・キャスケット","レディースファッション/帽子"
"高さ","帽子","4122","帽子・その他","レディースファッション/帽子"
"頭周り","帽子","4122","帽子・その他","レディースファッション/帽子"
"つば","帽子","4122","帽子・その他","レディースファッション/帽子"
"ウエスト","水着女性","4133","ビキニ","レディースファッション/水着・ビーチグッズ"
"ヒップ","水着女性","4133","ビキニ","レディースファッション/水着・ビーチグッズ"
"総丈","水着女性","4133","ビキニ","レディースファッション/水着・ビーチグッズ"
"トップ","水着女性","4133","ビキニ","レディースファッション/水着・ビーチグッズ"
"アンダー","水着女性","4133","ビキニ","レディースファッション/水着・ビーチグッズ"
"ウエスト","水着女性","4134","ワンピース水着","レディースファッション/水着・ビーチグッズ"
"ヒップ","水着女性","4134","ワンピース水着","レディースファッション/水着・ビーチグッズ"
"総丈","水着女性","4134","ワンピース水着","レディースファッション/水着・ビーチグッズ"
"トップ","水着女性","4134","ワンピース水着","レディースファッション/水着・ビーチグッズ"
"アンダー","水着女性","4134","ワンピース水着","レディースファッション/水着・ビーチグッズ"
"ウエスト","水着女性","4135","タンキニ","レディースファッション/水着・ビーチグッズ"
"ヒップ","水着女性","4135","タンキニ","レディースファッション/水着・ビーチグッズ"
"総丈","水着女性","4135","タンキニ","レディースファッション/水着・ビーチグッズ"
"トップ","水着女性","4135","タンキニ","レディースファッション/水着・ビーチグッズ"
"アンダー","水着女性","4135","タンキニ","レディースファッション/水着・ビーチグッズ"
"着丈","トップス袖あり","4136","ラッシュガード","レディースファッション/水着・ビーチグッズ"
"肩幅","トップス袖あり","4136","ラッシュガード","レディースファッション/水着・ビーチグッズ"
"胸囲","トップス袖あり","4136","ラッシュガード","レディースファッション/水着・ビーチグッズ"
"袖丈","トップス袖あり","4136","ラッシュガード","レディースファッション/水着・ビーチグッズ"
"縦","カバー・タオル系","4139","ビーチタオル","レディースファッション/水着・ビーチグッズ"
"横","カバー・タオル系","4139","ビーチタオル","レディースファッション/水着・ビーチグッズ"
"ウエスト","水着女性","4140","水着・ビーチグッズその他","レディースファッション/水着・ビーチグッズ"
"ヒップ","水着女性","4140","水着・ビーチグッズその他","レディースファッション/水着・ビーチグッズ"
"総丈","水着女性","4140","水着・ビーチグッズその他","レディースファッション/水着・ビーチグッズ"
"トップ","水着女性","4140","水着・ビーチグッズその他","レディースファッション/水着・ビーチグッズ"
"アンダー","水着女性","4140","水着・ビーチグッズその他","レディースファッション/水着・ビーチグッズ"
"着丈","トップス袖あり","4145","フィットネストップス","レディースファッション/ヨガ・フィットネス"
"肩幅","トップス袖あり","4145","フィットネストップス","レディースファッション/ヨガ・フィットネス"
"胸囲","トップス袖あり","4145","フィットネストップス","レディースファッション/ヨガ・フィットネス"
"袖丈","トップス袖あり","4145","フィットネストップス","レディースファッション/ヨガ・フィットネス"
"ウエスト","ボトムスパンツ","4146","フィットネスボトムス","レディースファッション/ヨガ・フィットネス"
"ヒップ","ボトムスパンツ","4146","フィットネスボトムス","レディースファッション/ヨガ・フィットネス"
"股上","ボトムスパンツ","4146","フィットネスボトムス","レディースファッション/ヨガ・フィットネス"
"股下","ボトムスパンツ","4146","フィットネスボトムス","レディースファッション/ヨガ・フィットネス"
"もも周り","ボトムスパンツ","4146","フィットネスボトムス","レディースファッション/ヨガ・フィットネス"
"すそ周り","ボトムスパンツ","4146","フィットネスボトムス","レディースファッション/ヨガ・フィットネス"
"縦","カバー・タオル系","4147","ヨガマット","レディースファッション/ヨガ・フィットネス"
"横","カバー・タオル系","4147","ヨガマット","レディースファッション/ヨガ・フィットネス"
"幅","バッグ持ち手あり","4148","フィットネスバッグ","レディースファッション/ヨガ・フィットネス"
"高さ","バッグ持ち手あり","4148","フィットネスバッグ","レディースファッション/ヨガ・フィットネス"
"マチ","バッグ持ち手あり","4148","フィットネスバッグ","レディースファッション/ヨガ・フィットネス"
"持ち手","バッグ持ち手あり","4148","フィットネスバッグ","レディースファッション/ヨガ・フィットネス"
"ヒール高","シューズ","4149","フィットネスシューズ","レディースファッション/ヨガ・フィットネス"
"縦","イヤリング","4152","イヤリング","レディースファッション/アクセサリー"
"横","イヤリング","4152","イヤリング","レディースファッション/アクセサリー"
"着丈","トップス袖なし","4201","ベスト・ジレ","メンズファッション/トップス"
"胸囲","トップス袖なし","4201","ベスト・ジレ","メンズファッション/トップス"
"縦","イヤリング","4202","ピアス","メンズファッション/アクセサリー"
"横","イヤリング","4202","ピアス","メンズファッション/アクセサリー"
"幅","腕時計","4204","アナログ時計","メンズファッション/腕時計"
"手首周り","腕時計","4204","アナログ時計","メンズファッション/腕時計"
"文字盤縦","腕時計","4204","アナログ時計","メンズファッション/腕時計"
"文字盤横","腕時計","4204","アナログ時計","メンズファッション/腕時計"
"幅","腕時計","4205","デジタル時計","メンズファッション/腕時計"
"手首周り","腕時計","4205","デジタル時計","メンズファッション/腕時計"
"文字盤縦","腕時計","4205","デジタル時計","メンズファッション/腕時計"
"文字盤横","腕時計","4205","デジタル時計","メンズファッション/腕時計"
"幅","腕時計","4206","腕時計その他","メンズファッション/腕時計"
"手首周り","腕時計","4206","腕時計その他","メンズファッション/腕時計"
"文字盤縦","腕時計","4206","腕時計その他","メンズファッション/腕時計"
"文字盤横","腕時計","4206","腕時計その他","メンズファッション/腕時計"
"高さ","帽子","4207","ハット","メンズファッション/帽子"
"頭周り","帽子","4207","ハット","メンズファッション/帽子"
"つば","帽子","4207","ハット","メンズファッション/帽子"
"高さ","帽子","4208","キャップ","メンズファッション/帽子"
"頭周り","帽子","4208","キャップ","メンズファッション/帽子"
"つば","帽子","4208","キャップ","メンズファッション/帽子"
"高さ","帽子","4209","ストローハット","メンズファッション/帽子"
"頭周り","帽子","4209","ストローハット","メンズファッション/帽子"
"つば","帽子","4209","ストローハット","メンズファッション/帽子"
"高さ","帽子","4210","ニットキャップ・ビーニー","メンズファッション/帽子"
"頭周り","帽子","4210","ニットキャップ・ビーニー","メンズファッション/帽子"
"つば","帽子","4210","ニットキャップ・ビーニー","メンズファッション/帽子"
"高さ","帽子","4211","ハンチング・キャスケット","メンズファッション/帽子"
"頭周り","帽子","4211","ハンチング・キャスケット","メンズファッション/帽子"
"つば","帽子","4211","ハンチング・キャスケット","メンズファッション/帽子"
"高さ","帽子","4212","ベレー帽","メンズファッション/帽子"
"頭周り","帽子","4212","ベレー帽","メンズファッション/帽子"
"つば","帽子","4212","ベレー帽","メンズファッション/帽子"
"高さ","帽子","4213","サンバイザー","メンズファッション/帽子"
"頭周り","帽子","4213","サンバイザー","メンズファッション/帽子"
"つば","帽子","4213","サンバイザー","メンズファッション/帽子"
"高さ","帽子","4214","帽子その他","メンズファッション/帽子"
"頭周り","帽子","4214","帽子その他","メンズファッション/帽子"
"つば","帽子","4214","帽子その他","メンズファッション/帽子"
"着丈","トップス袖あり","4223","ラッシュガード","メンズファッション/水着・ビーチグッズ"
"肩幅","トップス袖あり","4223","ラッシュガード","メンズファッション/水着・ビーチグッズ"
"胸囲","トップス袖あり","4223","ラッシュガード","メンズファッション/水着・ビーチグッズ"
"袖丈","トップス袖あり","4223","ラッシュガード","メンズファッション/水着・ビーチグッズ"
"縦","カバー・タオル系","4225","ビーチタオル","メンズファッション/水着・ビーチグッズ"
"横","カバー・タオル系","4225","ビーチタオル","メンズファッション/水着・ビーチグッズ"
"着丈","トップス袖あり","4227","フィットネストップス","メンズファッション/フィットネス"
"肩幅","トップス袖あり","4227","フィットネストップス","メンズファッション/フィットネス"
"胸囲","トップス袖あり","4227","フィットネストップス","メンズファッション/フィットネス"
"袖丈","トップス袖あり","4227","フィットネストップス","メンズファッション/フィットネス"
"ウエスト","ボトムスパンツ","4228","フィットネスボトムス","メンズファッション/フィットネス"
"ヒップ","ボトムスパンツ","4228","フィットネスボトムス","メンズファッション/フィットネス"
"股上","ボトムスパンツ","4228","フィットネスボトムス","メンズファッション/フィットネス"
"股下","ボトムスパンツ","4228","フィットネスボトムス","メンズファッション/フィットネス"
"もも周り","ボトムスパンツ","4228","フィットネスボトムス","メンズファッション/フィットネス"
"すそ周り","ボトムスパンツ","4228","フィットネスボトムス","メンズファッション/フィットネス"
"幅","バッグ持ち手あり","4229","フィットネスバッグ","メンズファッション/フィットネス"
"高さ","バッグ持ち手あり","4229","フィットネスバッグ","メンズファッション/フィットネス"
"マチ","バッグ持ち手あり","4229","フィットネスバッグ","メンズファッション/フィットネス"
"持ち手","バッグ持ち手あり","4229","フィットネスバッグ","メンズファッション/フィットネス"
"縦","イヤリング","4234","イヤリング","メンズファッション/アクセサリー"
"横","イヤリング","4234","イヤリング","メンズファッション/アクセサリー"
"幅","マフラー・スカーフ","4235","ストール","メンズファッション/ファッション雑貨・小物"
"長さ","マフラー・スカーフ","4235","ストール","メンズファッション/ファッション雑貨・小物"
"着丈","トップス袖あり","4236","フリースジャケット","メンズファッション/アウター・ジャケット"
"肩幅","トップス袖あり","4236","フリースジャケット","メンズファッション/アウター・ジャケット"
"胸囲","トップス袖あり","4236","フリースジャケット","メンズファッション/アウター・ジャケット"
"袖丈","トップス袖あり","4236","フリースジャケット","メンズファッション/アウター・ジャケット"
"高さ","食器系（グラス・コップ）","4401","タンブラー・水筒","ライフスタイル/キッチン・ダイニング"
"直径","食器系（グラス・コップ）","4401","タンブラー・水筒","ライフスタイル/キッチン・ダイニング"
"幅","家具・インテリア","4405","棚・ラック・収納","ライフスタイル/家具・日用品"
"高さ","家具・インテリア","4405","棚・ラック・収納","ライフスタイル/家具・日用品"
"奥行","家具・インテリア","4405","棚・ラック・収納","ライフスタイル/家具・日用品"
"幅","家具・インテリア","4406","照明","ライフスタイル/家具・日用品"
"高さ","家具・インテリア","4406","照明","ライフスタイル/家具・日用品"
"奥行","家具・インテリア","4406","照明","ライフスタイル/家具・日用品"
"幅","家具・インテリア","4407","バス・ランドリー","ライフスタイル/家具・日用品"
"高さ","家具・インテリア","4407","バス・ランドリー","ライフスタイル/家具・日用品"
"奥行","家具・インテリア","4407","バス・ランドリー","ライフスタイル/家具・日用品"
"幅","家具・インテリア","4408","洗剤・清掃グッズ","ライフスタイル/家具・日用品"
"高さ","家具・インテリア","4408","洗剤・清掃グッズ","ライフスタイル/家具・日用品"
"奥行","家具・インテリア","4408","洗剤・清掃グッズ","ライフスタイル/家具・日用品"
"幅","家具・インテリア","4409","ダストボックス(ゴミ箱)・傘立て","ライフスタイル/家具・日用品"
"高さ","家具・インテリア","4409","ダストボックス(ゴミ箱)・傘立て","ライフスタイル/家具・日用品"
"奥行","家具・インテリア","4409","ダストボックス(ゴミ箱)・傘立て","ライフスタイル/家具・日用品"
"幅","家具・インテリア","4410","家具・日用品その他","ライフスタイル/家具・日用品"
"高さ","家具・インテリア","4410","家具・日用品その他","ライフスタイル/家具・日用品"
"奥行","家具・インテリア","4410","家具・日用品その他","ライフスタイル/家具・日用品"
"幅","家具・インテリア","4411","ポスター","ライフスタイル/インテリア雑貨"
"高さ","家具・インテリア","4411","ポスター","ライフスタイル/インテリア雑貨"
"奥行","家具・インテリア","4411","ポスター","ライフスタイル/インテリア雑貨"
"幅","壁紙系","4412","壁紙","ライフスタイル/インテリア雑貨"
"高さ","壁紙系","4412","壁紙","ライフスタイル/インテリア雑貨"
"幅","家具・インテリア","4413","タペストリー","ライフスタイル/インテリア雑貨"
"高さ","家具・インテリア","4413","タペストリー","ライフスタイル/インテリア雑貨"
"奥行","家具・インテリア","4413","タペストリー","ライフスタイル/インテリア雑貨"
"幅","家具・インテリア","4414","ルームフレグランス","ライフスタイル/インテリア雑貨"
"高さ","家具・インテリア","4414","ルームフレグランス","ライフスタイル/インテリア雑貨"
"奥行","家具・インテリア","4414","ルームフレグランス","ライフスタイル/インテリア雑貨"
"幅","家具・インテリア","4415","キャンドル","ライフスタイル/インテリア雑貨"
"高さ","家具・インテリア","4415","キャンドル","ライフスタイル/インテリア雑貨"
"奥行","家具・インテリア","4415","キャンドル","ライフスタイル/インテリア雑貨"
"幅","家具・インテリア","4416","時計","ライフスタイル/インテリア雑貨"
"高さ","家具・インテリア","4416","時計","ライフスタイル/インテリア雑貨"
"奥行","家具・インテリア","4416","時計","ライフスタイル/インテリア雑貨"
"幅","家具・インテリア","4417","キャンバスアート・絵画","ライフスタイル/インテリア雑貨"
"高さ","家具・インテリア","4417","キャンバスアート・絵画","ライフスタイル/インテリア雑貨"
"奥行","家具・インテリア","4417","キャンバスアート・絵画","ライフスタイル/インテリア雑貨"
"幅","スーツケース","4418","スーツケース・キャリーケース","ライフスタイル/トラベルグッズ"
"高さ","スーツケース","4418","スーツケース・キャリーケース","ライフスタイル/トラベルグッズ"
"奥行","スーツケース","4418","スーツケース・キャリーケース","ライフスタイル/トラベルグッズ"
"縦","財布系","4420","パスポートケース・ウォレット","ライフスタイル/トラベルグッズ"
"横","財布系","4420","パスポートケース・ウォレット","ライフスタイル/トラベルグッズ"
"厚み","財布系","4420","パスポートケース・ウォレット","ライフスタイル/トラベルグッズ"
"幅","バッグ持ち手なし","4421","トラベルポーチ","ライフスタイル/トラベルグッズ"
"高さ","バッグ持ち手なし","4421","トラベルポーチ","ライフスタイル/トラベルグッズ"
"マチ","バッグ持ち手なし","4421","トラベルポーチ","ライフスタイル/トラベルグッズ"
"幅","バッグ持ち手あり","4423","ペットキャリー・スリング","ライフスタイル/ペット用品"
"高さ","バッグ持ち手あり","4423","ペットキャリー・スリング","ライフスタイル/ペット用品"
"マチ","バッグ持ち手あり","4423","ペットキャリー・スリング","ライフスタイル/ペット用品"
"持ち手","バッグ持ち手あり","4423","ペットキャリー・スリング","ライフスタイル/ペット用品"
"着丈","トップス袖あり","4424","ペット(犬猫)服","ライフスタイル/ペット用品"
"肩幅","トップス袖あり","4424","ペット(犬猫)服","ライフスタイル/ペット用品"
"胸囲","トップス袖あり","4424","ペット(犬猫)服","ライフスタイル/ペット用品"
"袖丈","トップス袖あり","4424","ペット(犬猫)服","ライフスタイル/ペット用品"
"幅","家具・インテリア","4425","ペットベッド・クッション","ライフスタイル/ペット用品"
"高さ","家具・インテリア","4425","ペットベッド・クッション","ライフスタイル/ペット用品"
"奥行","家具・インテリア","4425","ペットベッド・クッション","ライフスタイル/ペット用品"
"幅","家具・インテリア","4426","ペット用おもちゃ","ライフスタイル/ペット用品"
"高さ","家具・インテリア","4426","ペット用おもちゃ","ライフスタイル/ペット用品"
"奥行","家具・インテリア","4426","ペット用おもちゃ","ライフスタイル/ペット用品"
"幅","家具・インテリア","4427","フードボウル・えさ関連","ライフスタイル/ペット用品"
"高さ","家具・インテリア","4427","フードボウル・えさ関連","ライフスタイル/ペット用品"
"奥行","家具・インテリア","4427","フードボウル・えさ関連","ライフスタイル/ペット用品"
"幅","家具・インテリア","4428","ペットケア用品","ライフスタイル/ペット用品"
"高さ","家具・インテリア","4428","ペットケア用品","ライフスタイル/ペット用品"
"奥行","家具・インテリア","4428","ペットケア用品","ライフスタイル/ペット用品"
"幅","家具・インテリア","4431","アウトドア(キャンプ)チェア","ライフスタイル/レジャー・アウトドア・キャンプ"
"高さ","家具・インテリア","4431","アウトドア(キャンプ)チェア","ライフスタイル/レジャー・アウトドア・キャンプ"
"奥行","家具・インテリア","4431","アウトドア(キャンプ)チェア","ライフスタイル/レジャー・アウトドア・キャンプ"
"高さ","小物・家具系","4432","寝袋・シュラフ","ライフスタイル/レジャー・アウトドア・キャンプ"
"縦","小物・家具系","4432","寝袋・シュラフ","ライフスタイル/レジャー・アウトドア・キャンプ"
"横","小物・家具系","4432","寝袋・シュラフ","ライフスタイル/レジャー・アウトドア・キャンプ"
"幅","家具・インテリア","4433","テント・シェルター","ライフスタイル/レジャー・アウトドア・キャンプ"
"高さ","家具・インテリア","4433","テント・シェルター","ライフスタイル/レジャー・アウトドア・キャンプ"
"奥行","家具・インテリア","4433","テント・シェルター","ライフスタイル/レジャー・アウトドア・キャンプ"
"幅","家具・インテリア","4446","椅子・チェア","ライフスタイル/家具・日用品"
"高さ","家具・インテリア","4446","椅子・チェア","ライフスタイル/家具・日用品"
"奥行","家具・インテリア","4446","椅子・チェア","ライフスタイル/家具・日用品"
"幅","家具・インテリア","4447","机・テーブル","ライフスタイル/家具・日用品"
"高さ","家具・インテリア","4447","机・テーブル","ライフスタイル/家具・日用品"
"奥行","家具・インテリア","4447","机・テーブル","ライフスタイル/家具・日用品"
"幅","家具・インテリア","4448","鏡台・ドレッサー","ライフスタイル/家具・日用品"
"高さ","家具・インテリア","4448","鏡台・ドレッサー","ライフスタイル/家具・日用品"
"奥行","家具・インテリア","4448","鏡台・ドレッサー","ライフスタイル/家具・日用品"
"幅","家具・インテリア","4449","ソファ","ライフスタイル/家具・日用品"
"高さ","家具・インテリア","4449","ソファ","ライフスタイル/家具・日用品"
"奥行","家具・インテリア","4449","ソファ","ライフスタイル/家具・日用品"
"幅","家具・インテリア","4450","スツール・オットマン","ライフスタイル/家具・日用品"
"高さ","家具・インテリア","4450","スツール・オットマン","ライフスタイル/家具・日用品"
"奥行","家具・インテリア","4450","スツール・オットマン","ライフスタイル/家具・日用品"
"幅","家具・インテリア","4451","ベッド・ヘッドボード","ライフスタイル/家具・日用品"
"高さ","家具・インテリア","4451","ベッド・ヘッドボード","ライフスタイル/家具・日用品"
"奥行","家具・インテリア","4451","ベッド・ヘッドボード","ライフスタイル/家具・日用品"
"幅","家具・インテリア","4452","ペットステップ","ライフスタイル/ペット用品"
"高さ","家具・インテリア","4452","ペットステップ","ライフスタイル/ペット用品"
"奥行","家具・インテリア","4452","ペットステップ","ライフスタイル/ペット用品"
"幅","家具・インテリア","4453","カーシート・ドライブボックス","ライフスタイル/ペット用品"
"高さ","家具・インテリア","4453","カーシート・ドライブボックス","ライフスタイル/ペット用品"
"奥行","家具・インテリア","4453","カーシート・ドライブボックス","ライフスタイル/ペット用品"
"幅","家具・インテリア","4454","クーラーボックス・クーラーバッグ","ライフスタイル/レジャー・アウトドア・キャンプ"
"高さ","家具・インテリア","4454","クーラーボックス・クーラーバッグ","ライフスタイル/レジャー・アウトドア・キャンプ"
"奥行","家具・インテリア","4454","クーラーボックス・クーラーバッグ","ライフスタイル/レジャー・アウトドア・キャンプ"
"縦","カバー・タオル系","4456","マット","ライフスタイル/ファブリック"
"横","カバー・タオル系","4456","マット","ライフスタイル/ファブリック"
"幅","家具・インテリア","4457","オブジェ・置物","ライフスタイル/インテリア雑貨"
"高さ","家具・インテリア","4457","オブジェ・置物","ライフスタイル/インテリア雑貨"
"奥行","家具・インテリア","4457","オブジェ・置物","ライフスタイル/インテリア雑貨"
"幅","家具・インテリア","4458","フェイクグリーン","ライフスタイル/インテリア雑貨"
"高さ","家具・インテリア","4458","フェイクグリーン","ライフスタイル/インテリア雑貨"
"奥行","家具・インテリア","4458","フェイクグリーン","ライフスタイル/インテリア雑貨"
"縦","カバー・タオル系","4459","ペット用毛布","ライフスタイル/ペット用品"
"横","カバー・タオル系","4459","ペット用毛布","ライフスタイル/ペット用品"
"幅","家具・インテリア","4460","カレンダー","ライフスタイル/インテリア雑貨"
"高さ","家具・インテリア","4460","カレンダー","ライフスタイル/インテリア雑貨"
"奥行","家具・インテリア","4460","カレンダー","ライフスタイル/インテリア雑貨"
"幅","家具・インテリア","4462","生活家電","ライフスタイル/デザイン家電"
"高さ","家具・インテリア","4462","生活家電","ライフスタイル/デザイン家電"
"奥行","家具・インテリア","4462","生活家電","ライフスタイル/デザイン家電"
"幅","家具・インテリア","4463","キッチン家電","ライフスタイル/デザイン家電"
"高さ","家具・インテリア","4463","キッチン家電","ライフスタイル/デザイン家電"
"奥行","家具・インテリア","4463","キッチン家電","ライフスタイル/デザイン家電"
"幅","家具・インテリア","4464","スマホ・パソコン・ゲーム関連機器","ライフスタイル/デザイン家電"
"高さ","家具・インテリア","4464","スマホ・パソコン・ゲーム関連機器","ライフスタイル/デザイン家電"
"奥行","家具・インテリア","4464","スマホ・パソコン・ゲーム関連機器","ライフスタイル/デザイン家電"
"幅","家具・インテリア","4465","デザイン家電その他","ライフスタイル/デザイン家電"
"高さ","家具・インテリア","4465","デザイン家電その他","ライフスタイル/デザイン家電"
"奥行","家具・インテリア","4465","デザイン家電その他","ライフスタイル/デザイン家電"
"着丈","トップス袖あり","4513","キッズ用トップス","ベビー・キッズ/子供服・ファッション用品(85cm～)"
"肩幅","トップス袖あり","4513","キッズ用トップス","ベビー・キッズ/子供服・ファッション用品(85cm～)"
"胸囲","トップス袖あり","4513","キッズ用トップス","ベビー・キッズ/子供服・ファッション用品(85cm～)"
"袖丈","トップス袖あり","4513","キッズ用トップス","ベビー・キッズ/子供服・ファッション用品(85cm～)"
"ウエスト","ボトムスパンツ","4514","キッズ用ボトムス","ベビー・キッズ/子供服・ファッション用品(85cm～)"
"ヒップ","ボトムスパンツ","4514","キッズ用ボトムス","ベビー・キッズ/子供服・ファッション用品(85cm～)"
"股上","ボトムスパンツ","4514","キッズ用ボトムス","ベビー・キッズ/子供服・ファッション用品(85cm～)"
"股下","ボトムスパンツ","4514","キッズ用ボトムス","ベビー・キッズ/子供服・ファッション用品(85cm～)"
"もも周り","ボトムスパンツ","4514","キッズ用ボトムス","ベビー・キッズ/子供服・ファッション用品(85cm～)"
"すそ周り","ボトムスパンツ","4514","キッズ用ボトムス","ベビー・キッズ/子供服・ファッション用品(85cm～)"
"着丈","ワンピース系","4515","キッズワンピース・オールインワン","ベビー・キッズ/子供服・ファッション用品(85cm～)"
"肩幅","ワンピース系","4515","キッズワンピース・オールインワン","ベビー・キッズ/子供服・ファッション用品(85cm～)"
"胸囲","ワンピース系","4515","キッズワンピース・オールインワン","ベビー・キッズ/子供服・ファッション用品(85cm～)"
"袖丈","ワンピース系","4515","キッズワンピース・オールインワン","ベビー・キッズ/子供服・ファッション用品(85cm～)"
"ウエスト","ワンピース系","4515","キッズワンピース・オールインワン","ベビー・キッズ/子供服・ファッション用品(85cm～)"
"ヒップ","ワンピース系","4515","キッズワンピース・オールインワン","ベビー・キッズ/子供服・ファッション用品(85cm～)"
"着丈","トップス袖あり","4516","キッズアウター","ベビー・キッズ/子供服・ファッション用品(85cm～)"
"肩幅","トップス袖あり","4516","キッズアウター","ベビー・キッズ/子供服・ファッション用品(85cm～)"
"胸囲","トップス袖あり","4516","キッズアウター","ベビー・キッズ/子供服・ファッション用品(85cm～)"
"袖丈","トップス袖あり","4516","キッズアウター","ベビー・キッズ/子供服・ファッション用品(85cm～)"
"高さ","ブーツ女性","4534","キッズブーツ","ベビー・キッズ/キッズシューズ・子供靴(14.5cm～)"
"ヒール高","ブーツ女性","4534","キッズブーツ","ベビー・キッズ/キッズシューズ・子供靴(14.5cm～)"
"つつ周り","ブーツ女性","4534","キッズブーツ","ベビー・キッズ/キッズシューズ・子供靴(14.5cm～)"
"着丈","トップス袖あり","4539","マタニティトップス","ベビー・キッズ/マタニティウェア・授乳服・グッズ"
"肩幅","トップス袖あり","4539","マタニティトップス","ベビー・キッズ/マタニティウェア・授乳服・グッズ"
"胸囲","トップス袖あり","4539","マタニティトップス","ベビー・キッズ/マタニティウェア・授乳服・グッズ"
"袖丈","トップス袖あり","4539","マタニティトップス","ベビー・キッズ/マタニティウェア・授乳服・グッズ"
"ウエスト","ボトムスパンツ","4540","マタニティパンツ・スカート","ベビー・キッズ/マタニティウェア・授乳服・グッズ"
"ヒップ","ボトムスパンツ","4540","マタニティパンツ・スカート","ベビー・キッズ/マタニティウェア・授乳服・グッズ"
"股上","ボトムスパンツ","4540","マタニティパンツ・スカート","ベビー・キッズ/マタニティウェア・授乳服・グッズ"
"股下","ボトムスパンツ","4540","マタニティパンツ・スカート","ベビー・キッズ/マタニティウェア・授乳服・グッズ"
"もも周り","ボトムスパンツ","4540","マタニティパンツ・スカート","ベビー・キッズ/マタニティウェア・授乳服・グッズ"
"すそ周り","ボトムスパンツ","4540","マタニティパンツ・スカート","ベビー・キッズ/マタニティウェア・授乳服・グッズ"
"着丈","ワンピース系","4542","マタニティワンピース","ベビー・キッズ/マタニティウェア・授乳服・グッズ"
"肩幅","ワンピース系","4542","マタニティワンピース","ベビー・キッズ/マタニティウェア・授乳服・グッズ"
"胸囲","ワンピース系","4542","マタニティワンピース","ベビー・キッズ/マタニティウェア・授乳服・グッズ"
"袖丈","ワンピース系","4542","マタニティワンピース","ベビー・キッズ/マタニティウェア・授乳服・グッズ"
"ウエスト","ワンピース系","4542","マタニティワンピース","ベビー・キッズ/マタニティウェア・授乳服・グッズ"
"ヒップ","ワンピース系","4542","マタニティワンピース","ベビー・キッズ/マタニティウェア・授乳服・グッズ"
"着丈","トップス袖あり","4543","マタニティコート・アウター","ベビー・キッズ/マタニティウェア・授乳服・グッズ"
"肩幅","トップス袖あり","4543","マタニティコート・アウター","ベビー・キッズ/マタニティウェア・授乳服・グッズ"
"胸囲","トップス袖あり","4543","マタニティコート・アウター","ベビー・キッズ/マタニティウェア・授乳服・グッズ"
"袖丈","トップス袖あり","4543","マタニティコート・アウター","ベビー・キッズ/マタニティウェア・授乳服・グッズ"
"幅","バッグ持ち手なし","4548","子供用リュック・バックパック","ベビー・キッズ/キッズバッグ・財布"
"高さ","バッグ持ち手なし","4548","子供用リュック・バックパック","ベビー・キッズ/キッズバッグ・財布"
"マチ","バッグ持ち手なし","4548","子供用リュック・バックパック","ベビー・キッズ/キッズバッグ・財布"
"幅","バッグ持ち手あり","4549","子供用トート・レッスンバッグ","ベビー・キッズ/キッズバッグ・財布"
"高さ","バッグ持ち手あり","4549","子供用トート・レッスンバッグ","ベビー・キッズ/キッズバッグ・財布"
"マチ","バッグ持ち手あり","4549","子供用トート・レッスンバッグ","ベビー・キッズ/キッズバッグ・財布"
"持ち手","バッグ持ち手あり","4549","子供用トート・レッスンバッグ","ベビー・キッズ/キッズバッグ・財布"
"幅","バッグストラップ","4550","子供用ショルダー・ポシェット・ボディバッグ","ベビー・キッズ/キッズバッグ・財布"
"高さ","バッグストラップ","4550","子供用ショルダー・ポシェット・ボディバッグ","ベビー・キッズ/キッズバッグ・財布"
"マチ","バッグストラップ","4550","子供用ショルダー・ポシェット・ボディバッグ","ベビー・キッズ/キッズバッグ・財布"
"ストラップ","バッグストラップ","4550","子供用ショルダー・ポシェット・ボディバッグ","ベビー・キッズ/キッズバッグ・財布"
"高さ","フィギュア・人形","4554","ぬいぐるみ・フィギュア・ドールハウス","ベビー・キッズ/おもちゃ・知育玩具"
"着丈","トップス袖あり","4616","レディース・ラッシュガード","スポーツ/サーフィン"
"肩幅","トップス袖あり","4616","レディース・ラッシュガード","スポーツ/サーフィン"
"胸囲","トップス袖あり","4616","レディース・ラッシュガード","スポーツ/サーフィン"
"袖丈","トップス袖あり","4616","レディース・ラッシュガード","スポーツ/サーフィン"
"着丈","トップス袖あり","4617","メンズ・ラッシュガード","スポーツ/サーフィン"
"肩幅","トップス袖あり","4617","メンズ・ラッシュガード","スポーツ/サーフィン"
"胸囲","トップス袖あり","4617","メンズ・ラッシュガード","スポーツ/サーフィン"
"袖丈","トップス袖あり","4617","メンズ・ラッシュガード","スポーツ/サーフィン"
"着丈","トップス袖あり","4701","トップス","レディースファッション/ゴルフ"
"肩幅","トップス袖あり","4701","トップス","レディースファッション/ゴルフ"
"胸囲","トップス袖あり","4701","トップス","レディースファッション/ゴルフ"
"袖丈","トップス袖あり","4701","トップス","レディースファッション/ゴルフ"
"ウエスト","ボトムスパンツ","4702","ボトムス","レディースファッション/ゴルフ"
"ヒップ","ボトムスパンツ","4702","ボトムス","レディースファッション/ゴルフ"
"股上","ボトムスパンツ","4702","ボトムス","レディースファッション/ゴルフ"
"股下","ボトムスパンツ","4702","ボトムス","レディースファッション/ゴルフ"
"もも周り","ボトムスパンツ","4702","ボトムス","レディースファッション/ゴルフ"
"すそ周り","ボトムスパンツ","4702","ボトムス","レディースファッション/ゴルフ"
"着丈","ワンピース系","4703","ワンピース","レディースファッション/ゴルフ"
"肩幅","ワンピース系","4703","ワンピース","レディースファッション/ゴルフ"
"胸囲","ワンピース系","4703","ワンピース","レディースファッション/ゴルフ"
"袖丈","ワンピース系","4703","ワンピース","レディースファッション/ゴルフ"
"ウエスト","ワンピース系","4703","ワンピース","レディースファッション/ゴルフ"
"ヒップ","ワンピース系","4703","ワンピース","レディースファッション/ゴルフ"
"着丈","トップス袖あり","4704","アウター","レディースファッション/ゴルフ"
"肩幅","トップス袖あり","4704","アウター","レディースファッション/ゴルフ"
"胸囲","トップス袖あり","4704","アウター","レディースファッション/ゴルフ"
"袖丈","トップス袖あり","4704","アウター","レディースファッション/ゴルフ"
"着丈","ワンピース系","4705","セットアップ","レディースファッション/ゴルフ"
"肩幅","ワンピース系","4705","セットアップ","レディースファッション/ゴルフ"
"胸囲","ワンピース系","4705","セットアップ","レディースファッション/ゴルフ"
"袖丈","ワンピース系","4705","セットアップ","レディースファッション/ゴルフ"
"ウエスト","ワンピース系","4705","セットアップ","レディースファッション/ゴルフ"
"ヒップ","ワンピース系","4705","セットアップ","レディースファッション/ゴルフ"
"着丈","トップス袖あり","4801","トップス","メンズファッション/ゴルフ"
"肩幅","トップス袖あり","4801","トップス","メンズファッション/ゴルフ"
"胸囲","トップス袖あり","4801","トップス","メンズファッション/ゴルフ"
"袖丈","トップス袖あり","4801","トップス","メンズファッション/ゴルフ"
"ウエスト","ボトムスパンツ","4802","ボトムス","メンズファッション/ゴルフ"
"ヒップ","ボトムスパンツ","4802","ボトムス","メンズファッション/ゴルフ"
"股上","ボトムスパンツ","4802","ボトムス","メンズファッション/ゴルフ"
"股下","ボトムスパンツ","4802","ボトムス","メンズファッション/ゴルフ"
"もも周り","ボトムスパンツ","4802","ボトムス","メンズファッション/ゴルフ"
"すそ周り","ボトムスパンツ","4802","ボトムス","メンズファッション/ゴルフ"
"着丈","トップス袖あり","4803","アウター","メンズファッション/ゴルフ"
"肩幅","トップス袖あり","4803","アウター","メンズファッション/ゴルフ"
"胸囲","トップス袖あり","4803","アウター","メンズファッション/ゴルフ"
"袖丈","トップス袖あり","4803","アウター","メンズファッション/ゴルフ"
"着丈","ワンピース系","4804","セットアップ","メンズファッション/ゴルフ"
"肩幅","ワンピース系","4804","セットアップ","メンズファッション/ゴルフ"
"胸囲","ワンピース系","4804","セットアップ","メンズファッション/ゴルフ"
"袖丈","ワンピース系","4804","セットアップ","メンズファッション/ゴルフ"
"ウエスト","ワンピース系","4804","セットアップ","メンズファッション/ゴルフ"
"ヒップ","ワンピース系","4804","セットアップ","メンズファッション/ゴルフ"
"着丈","トップス袖あり","6041","レディース・トップス","スポーツ/ランニング"
"肩幅","トップス袖あり","6041","レディース・トップス","スポーツ/ランニング"
"胸囲","トップス袖あり","6041","レディース・トップス","スポーツ/ランニング"
"袖丈","トップス袖あり","6041","レディース・トップス","スポーツ/ランニング"
"ウエスト","ボトムスパンツ","6042","レディース・ボトムス","スポーツ/ランニング"
"ヒップ","ボトムスパンツ","6042","レディース・ボトムス","スポーツ/ランニング"
"股上","ボトムスパンツ","6042","レディース・ボトムス","スポーツ/ランニング"
"股下","ボトムスパンツ","6042","レディース・ボトムス","スポーツ/ランニング"
"もも周り","ボトムスパンツ","6042","レディース・ボトムス","スポーツ/ランニング"
"すそ周り","ボトムスパンツ","6042","レディース・ボトムス","スポーツ/ランニング"
"着丈","トップス袖あり","6044","レディース・アウター","スポーツ/ランニング"
"肩幅","トップス袖あり","6044","レディース・アウター","スポーツ/ランニング"
"胸囲","トップス袖あり","6044","レディース・アウター","スポーツ/ランニング"
"袖丈","トップス袖あり","6044","レディース・アウター","スポーツ/ランニング"
"ヒール高","シューズ","6046","レディース・シューズ","スポーツ/ランニング"
"着丈","トップス袖あり","6048","メンズ・トップス","スポーツ/ランニング"
"肩幅","トップス袖あり","6048","メンズ・トップス","スポーツ/ランニング"
"胸囲","トップス袖あり","6048","メンズ・トップス","スポーツ/ランニング"
"袖丈","トップス袖あり","6048","メンズ・トップス","スポーツ/ランニング"
"ウエスト","ボトムスパンツ","6049","メンズ・ボトムス","スポーツ/ランニング"
"ヒップ","ボトムスパンツ","6049","メンズ・ボトムス","スポーツ/ランニング"
"股上","ボトムスパンツ","6049","メンズ・ボトムス","スポーツ/ランニング"
"股下","ボトムスパンツ","6049","メンズ・ボトムス","スポーツ/ランニング"
"もも周り","ボトムスパンツ","6049","メンズ・ボトムス","スポーツ/ランニング"
"すそ周り","ボトムスパンツ","6049","メンズ・ボトムス","スポーツ/ランニング"
"着丈","トップス袖あり","6050","メンズ・アウター","スポーツ/ランニング"
"肩幅","トップス袖あり","6050","メンズ・アウター","スポーツ/ランニング"
"胸囲","トップス袖あり","6050","メンズ・アウター","スポーツ/ランニング"
"袖丈","トップス袖あり","6050","メンズ・アウター","スポーツ/ランニング"
"幅","家具・インテリア","9800","マットレス","ライフスタイル/家具・日用品"
"高さ","家具・インテリア","9800","マットレス","ライフスタイル/家具・日用品"
"奥行","家具・インテリア","9800","マットレス","ライフスタイル/家具・日用品"
"幅","家具・インテリア","9801","フォトフレーム・写真立て","ライフスタイル/インテリア雑貨"
"高さ","家具・インテリア","9801","フォトフレーム・写真立て","ライフスタイル/インテリア雑貨"
"奥行","家具・インテリア","9801","フォトフレーム・写真立て","ライフスタイル/インテリア雑貨"
"幅","家具・インテリア","9803","ランタン","ライフスタイル/レジャー・アウトドア・キャンプ"
"高さ","家具・インテリア","9803","ランタン","ライフスタイル/レジャー・アウトドア・キャンプ"
"奥行","家具・インテリア","9803","ランタン","ライフスタイル/レジャー・アウトドア・キャンプ"
"幅","家具・インテリア","9804","焚き火台","ライフスタイル/レジャー・アウトドア・キャンプ"
"高さ","家具・インテリア","9804","焚き火台","ライフスタイル/レジャー・アウトドア・キャンプ"
"奥行","家具・インテリア","9804","焚き火台","ライフスタイル/レジャー・アウトドア・キャンプ"
"幅","家具・インテリア","9805","アウトドア(キャンプ)テーブル","ライフスタイル/レジャー・アウトドア・キャンプ"
"高さ","家具・インテリア","9805","アウトドア(キャンプ)テーブル","ライフスタイル/レジャー・アウトドア・キャンプ"
"奥行","家具・インテリア","9805","アウトドア(キャンプ)テーブル","ライフスタイル/レジャー・アウトドア・キャンプ"
"幅","家具・インテリア","9806","ペットハウス・ケージ","ライフスタイル/ペット用品"
"高さ","家具・インテリア","9806","ペットハウス・ケージ","ライフスタイル/ペット用品"
"奥行","家具・インテリア","9806","ペットハウス・ケージ","ライフスタイル/ペット用品"
"ウエスト","ボトムスパンツ","9807","カーゴパンツ","メンズファッション/パンツ・ボトムス"
"ヒップ","ボトムスパンツ","9807","カーゴパンツ","メンズファッション/パンツ・ボトムス"
"股上","ボトムスパンツ","9807","カーゴパンツ","メンズファッション/パンツ・ボトムス"
"股下","ボトムスパンツ","9807","カーゴパンツ","メンズファッション/パンツ・ボトムス"
"もも周り","ボトムスパンツ","9807","カーゴパンツ","メンズファッション/パンツ・ボトムス"
"すそ周り","ボトムスパンツ","9807","カーゴパンツ","メンズファッション/パンツ・ボトムス"
"ウエスト","ボトムスパンツ","9808","スウェットパンツ","メンズファッション/パンツ・ボトムス"
"ヒップ","ボトムスパンツ","9808","スウェットパンツ","メンズファッション/パンツ・ボトムス"
"股上","ボトムスパンツ","9808","スウェットパンツ","メンズファッション/パンツ・ボトムス"
"股下","ボトムスパンツ","9808","スウェットパンツ","メンズファッション/パンツ・ボトムス"
"もも周り","ボトムスパンツ","9808","スウェットパンツ","メンズファッション/パンツ・ボトムス"
"すそ周り","ボトムスパンツ","9808","スウェットパンツ","メンズファッション/パンツ・ボトムス"
"ウエスト","ボトムスパンツ","9809","スラックス","メンズファッション/パンツ・ボトムス"
"ヒップ","ボトムスパンツ","9809","スラックス","メンズファッション/パンツ・ボトムス"
"股上","ボトムスパンツ","9809","スラックス","メンズファッション/パンツ・ボトムス"
"股下","ボトムスパンツ","9809","スラックス","メンズファッション/パンツ・ボトムス"
"もも周り","ボトムスパンツ","9809","スラックス","メンズファッション/パンツ・ボトムス"
"すそ周り","ボトムスパンツ","9809","スラックス","メンズファッション/パンツ・ボトムス"
"ウエスト","ボトムスパンツ","9810","オーバーオール","メンズファッション/パンツ・ボトムス"
"ヒップ","ボトムスパンツ","9810","オーバーオール","メンズファッション/パンツ・ボトムス"
"股上","ボトムスパンツ","9810","オーバーオール","メンズファッション/パンツ・ボトムス"
"股下","ボトムスパンツ","9810","オーバーオール","メンズファッション/パンツ・ボトムス"
"もも周り","ボトムスパンツ","9810","オーバーオール","メンズファッション/パンツ・ボトムス"
"すそ周り","ボトムスパンツ","9810","オーバーオール","メンズファッション/パンツ・ボトムス"
"ウエスト","ボトムスパンツ","9811","チノパンツ","メンズファッション/パンツ・ボトムス"
"ヒップ","ボトムスパンツ","9811","チノパンツ","メンズファッション/パンツ・ボトムス"
"股上","ボトムスパンツ","9811","チノパンツ","メンズファッション/パンツ・ボトムス"
"股下","ボトムスパンツ","9811","チノパンツ","メンズファッション/パンツ・ボトムス"
"もも周り","ボトムスパンツ","9811","チノパンツ","メンズファッション/パンツ・ボトムス"
"すそ周り","ボトムスパンツ","9811","チノパンツ","メンズファッション/パンツ・ボトムス"
"ウエスト","ボトムスパンツ","9812","トラックパンツ・ジャージ","メンズファッション/パンツ・ボトムス"
"ヒップ","ボトムスパンツ","9812","トラックパンツ・ジャージ","メンズファッション/パンツ・ボトムス"
"股上","ボトムスパンツ","9812","トラックパンツ・ジャージ","メンズファッション/パンツ・ボトムス"
"股下","ボトムスパンツ","9812","トラックパンツ・ジャージ","メンズファッション/パンツ・ボトムス"
"もも周り","ボトムスパンツ","9812","トラックパンツ・ジャージ","メンズファッション/パンツ・ボトムス"
"すそ周り","ボトムスパンツ","9812","トラックパンツ・ジャージ","メンズファッション/パンツ・ボトムス"
"幅","ブレスレット","9813","バングル","メンズファッション/アクセサリー"
"長さ","ブレスレット","9813","バングル","メンズファッション/アクセサリー"
"縦","イヤリング","9814","イヤーカフ","メンズファッション/アクセサリー"
"横","イヤリング","9814","イヤーカフ","メンズファッション/アクセサリー"
"着丈","トップス袖あり","9815","MA-1","メンズファッション/アウター・ジャケット"
"肩幅","トップス袖あり","9815","MA-1","メンズファッション/アウター・ジャケット"
"胸囲","トップス袖あり","9815","MA-1","メンズファッション/アウター・ジャケット"
"袖丈","トップス袖あり","9815","MA-1","メンズファッション/アウター・ジャケット"
"着丈","トップス袖あり","9816","マウンテンパーカー","メンズファッション/アウター・ジャケット"
"肩幅","トップス袖あり","9816","マウンテンパーカー","メンズファッション/アウター・ジャケット"
"胸囲","トップス袖あり","9816","マウンテンパーカー","メンズファッション/アウター・ジャケット"
"袖丈","トップス袖あり","9816","マウンテンパーカー","メンズファッション/アウター・ジャケット"
"着丈","トップス袖あり","9817","スタジャン","メンズファッション/アウター・ジャケット"
"肩幅","トップス袖あり","9817","スタジャン","メンズファッション/アウター・ジャケット"
"胸囲","トップス袖あり","9817","スタジャン","メンズファッション/アウター・ジャケット"
"袖丈","トップス袖あり","9817","スタジャン","メンズファッション/アウター・ジャケット"
"着丈","トップス袖あり","9818","スカジャン","メンズファッション/アウター・ジャケット"
"肩幅","トップス袖あり","9818","スカジャン","メンズファッション/アウター・ジャケット"
"胸囲","トップス袖あり","9818","スカジャン","メンズファッション/アウター・ジャケット"
"袖丈","トップス袖あり","9818","スカジャン","メンズファッション/アウター・ジャケット"
"着丈","トップス袖あり","9819","モッズコート","メンズファッション/アウター・ジャケット"
"肩幅","トップス袖あり","9819","モッズコート","メンズファッション/アウター・ジャケット"
"胸囲","トップス袖あり","9819","モッズコート","メンズファッション/アウター・ジャケット"
"袖丈","トップス袖あり","9819","モッズコート","メンズファッション/アウター・ジャケット"
"着丈","トップス袖あり","9820","チェスターコート","メンズファッション/アウター・ジャケット"
"肩幅","トップス袖あり","9820","チェスターコート","メンズファッション/アウター・ジャケット"
"胸囲","トップス袖あり","9820","チェスターコート","メンズファッション/アウター・ジャケット"
"袖丈","トップス袖あり","9820","チェスターコート","メンズファッション/アウター・ジャケット"
"着丈","トップス袖あり","9821","デニムジャケット","メンズファッション/アウター・ジャケット"
"肩幅","トップス袖あり","9821","デニムジャケット","メンズファッション/アウター・ジャケット"
"胸囲","トップス袖あり","9821","デニムジャケット","メンズファッション/アウター・ジャケット"
"袖丈","トップス袖あり","9821","デニムジャケット","メンズファッション/アウター・ジャケット"
"着丈","トップス袖あり","9822","コーチジャケット","メンズファッション/アウター・ジャケット"
"肩幅","トップス袖あり","9822","コーチジャケット","メンズファッション/アウター・ジャケット"
"胸囲","トップス袖あり","9822","コーチジャケット","メンズファッション/アウター・ジャケット"
"袖丈","トップス袖あり","9822","コーチジャケット","メンズファッション/アウター・ジャケット"
"幅","バッグ持ち手あり","9823","エコバッグ","メンズファッション/バッグ・カバン"
"高さ","バッグ持ち手あり","9823","エコバッグ","メンズファッション/バッグ・カバン"
"マチ","バッグ持ち手あり","9823","エコバッグ","メンズファッション/バッグ・カバン"
"持ち手","バッグ持ち手あり","9823","エコバッグ","メンズファッション/バッグ・カバン"
"縦","財布系","9824","マネークリップ","メンズファッション/財布・雑貨"
"横","財布系","9824","マネークリップ","メンズファッション/財布・雑貨"
"厚み","財布系","9824","マネークリップ","メンズファッション/財布・雑貨"
"幅","家具・インテリア","9825","タープ","ライフスタイル/レジャー・アウトドア・キャンプ"
"高さ","家具・インテリア","9825","タープ","ライフスタイル/レジャー・アウトドア・キャンプ"
"奥行","家具・インテリア","9825","タープ","ライフスタイル/レジャー・アウトドア・キャンプ"
